{"type":"files","data":[{"type":"file","data":{"id":"mq5txpuwd5rc7yts","project_id":"pnmaq96h637q4wcb","label":"03_hotel","contents":{"mid":"mq5txpuwd5rc7yts","type":"data","title":"03_hotel","functions":[{"persist-mode":"auto","func":"brightics.function.io$load13889","name":"brightics.function.io$load","param":{"partial_path":["/brightics@samsung.com/upload/hotel_booking_train_1m.csv"]},"display":{"label":"Load","diagram":{"position":{"x":20,"y":120}},"sheet":{"out":{"partial":[{"panel":[{"id":"default-1605775151139","chartOption":{"colorSet":["#FD026C","#4682B8","#A5D22D","#F5CC0A","#FE8C01","#6B9494","#B97C46","#84ACD0","#C2E173","#F9DD5B","#FE569D","#FEB356","#9CB8B8","#D0A884","#2E6072","#6D8C1E","#A48806","#A90148","#A95E01","#476363","#7B532F"],"title":{"show":true,"text":"","subtext":"","rotate":0,"textStyle":{"color":"#000000","fontSize":12,"fontFamily":""},"subtextStyle":{"color":"#000000","fontSize":12,"fontFamily":""},"left":"50%","top":"0px"},"toolbar":{"show":false,"right":"8px","top":"8px","orientation":"horizontal","menu":{}},"chart":{"border":"1px #000000 none","background":"rgba(255, 255, 255,1)","animationDuration":1000,"type":"table"},"tooltip":{"triggerOn":"mousemove"},"grid":{"left":"10%","right":"10%","top":"60px","bottom":"60px","width":"auto","height":"auto"},"xAxis":[{"selected":[],"title":{"show":true,"text":"","subtext":"","rotate":0,"textStyle":{"color":"#000000","fontSize":12,"fontFamily":""},"subtextStyle":{"color":"#000000","fontSize":12,"fontFamily":""},"left":"50%","bottom":"5px"},"axisTick":{"show":true},"axisLine":{"onZero":false},"scale":true,"axisLabel":{"show":true,"rotate":0,"textStyle":{"color":"#000000","fontSize":12,"fontFamily":""}},"zlevel":1}],"yAxis":[{"selected":[],"title":{"show":true,"text":"","subtext":"","rotate":-90,"textStyle":{"color":"#000000","fontSize":12,"fontFamily":""},"subtextStyle":{"color":"#000000","fontSize":12,"fontFamily":""},"left":"8px","top":"50%"},"axisTick":{"show":true},"axisLine":{"onZero":false},"scale":true,"axisLabel":{"show":true,"rotate":0,"textStyle":{"color":"#000000","fontSize":12,"fontFamily":""}},"zlevel":1}],"colorBy":[{"selected":[]}],"legend":{"show":true,"orientation":"horizontal","left":"50%","right":"auto","top":"10px","bottom":"auto","textStyle":{"color":"#000000","fontSize":12,"fontFamily":"","fontStyle":"normal","fontWeight":"normal","fontDecoration":"none"}},"noDataMessage":"","plotOptions":{"table":{"formatter":[]},"map":{"geoData":{}}},"source":{"dataType":"lazy","lazyData":[]},"guide":{"message":"Set data options using Chart Setting Button."}},"dataSource":{"selectable":true},"style":{},"group":"6ti5h4hpiyhq2zw53dcp5w3f"}],"layout":{"type":"panel","id":"default-1605775151139"}}],"full":[{"panel":[],"layout":{}}]}}},"meta":{"table":{"type":"table"}},"context":"python","version":"3.6","outputs":{"table":"tv27sgeen4w339z7"},"fid":"ff7d6pr835ysgv3m"},{"persist-mode":"auto","func":"brightics.function.statistics$string_summary91057","name":"brightics.function.statistics$string_summary","param":{"input_cols":["date_time","site_name","posa_continent","user_location_country","user_location_region","user_location_city","user_id","is_mobile","is_package","channel","srch_ci","srch_co","srch_destination_id","srch_destination_type_id","is_booking","hotel_country"]},"display":{"label":"Q1: String Summary","diagram":{"position":{"x":270,"y":120}},"sheet":{"in":{"partial":[{"panel":[{"id":"default-1605775181058","chartOption":{"colorSet":["#FD026C","#4682B8","#A5D22D","#F5CC0A","#FE8C01","#6B9494","#B97C46","#84ACD0","#C2E173","#F9DD5B","#FE569D","#FEB356","#9CB8B8","#D0A884","#2E6072","#6D8C1E","#A48806","#A90148","#A95E01","#476363","#7B532F"],"title":{"show":true,"text":"","subtext":"","rotate":0,"textStyle":{"color":"#000000","fontSize":12,"fontFamily":""},"subtextStyle":{"color":"#000000","fontSize":12,"fontFamily":""},"left":"50%","top":"0px"},"toolbar":{"show":false,"right":"8px","top":"8px","orientation":"horizontal","menu":{}},"chart":{"border":"1px #000000 none","background":"rgba(255, 255, 255,1)","animationDuration":1000,"type":"table"},"tooltip":{"triggerOn":"mousemove"},"grid":{"left":"10%","right":"10%","top":"60px","bottom":"60px","width":"auto","height":"auto"},"xAxis":[{"selected":[],"title":{"show":true,"text":"","subtext":"","rotate":0,"textStyle":{"color":"#000000","fontSize":12,"fontFamily":""},"subtextStyle":{"color":"#000000","fontSize":12,"fontFamily":""},"left":"50%","bottom":"5px"},"axisTick":{"show":true},"axisLine":{"onZero":false},"scale":true,"axisLabel":{"show":true,"rotate":0,"textStyle":{"color":"#000000","fontSize":12,"fontFamily":""}},"zlevel":1}],"yAxis":[{"selected":[],"title":{"show":true,"text":"","subtext":"","rotate":-90,"textStyle":{"color":"#000000","fontSize":12,"fontFamily":""},"subtextStyle":{"color":"#000000","fontSize":12,"fontFamily":""},"left":"8px","top":"50%"},"axisTick":{"show":true},"axisLine":{"onZero":false},"scale":true,"axisLabel":{"show":true,"rotate":0,"textStyle":{"color":"#000000","fontSize":12,"fontFamily":""}},"zlevel":1}],"colorBy":[{"selected":[]}],"legend":{"show":true,"orientation":"horizontal","left":"50%","right":"auto","top":"10px","bottom":"auto","textStyle":{"color":"#000000","fontSize":12,"fontFamily":"","fontStyle":"normal","fontWeight":"normal","fontDecoration":"none"}},"noDataMessage":"","plotOptions":{"table":{"formatter":[]},"map":{"geoData":{}}},"source":{"dataType":"lazy","lazyData":[]},"guide":{"message":"Set data options using Chart Setting Button."}},"dataSource":{"selectable":true},"style":{},"group":"4zfmnbvkzudcewbip58y3kbe"}],"layout":{"type":"panel","id":"default-1605775181058"}}],"full":[{"panel":[],"layout":{}}]},"out":{"partial":[{"panel":[{"id":"default-1605775181151","chartOption":{"colorSet":["#FD026C","#4682B8","#A5D22D","#F5CC0A","#FE8C01","#6B9494","#B97C46","#84ACD0","#C2E173","#F9DD5B","#FE569D","#FEB356","#9CB8B8","#D0A884","#2E6072","#6D8C1E","#A48806","#A90148","#A95E01","#476363","#7B532F"],"title":{"show":true,"text":"","subtext":"","rotate":0,"textStyle":{"color":"#000000","fontSize":12,"fontFamily":""},"subtextStyle":{"color":"#000000","fontSize":12,"fontFamily":""},"left":"50%","top":"0px"},"toolbar":{"show":false,"right":"8px","top":"8px","orientation":"horizontal","menu":{}},"chart":{"border":"1px #000000 none","background":"rgba(255, 255, 255,1)","animationDuration":1000,"type":"table"},"tooltip":{"triggerOn":"mousemove"},"grid":{"left":"10%","right":"10%","top":"60px","bottom":"60px","width":"auto","height":"auto"},"xAxis":[{"selected":[],"title":{"show":true,"text":"","subtext":"","rotate":0,"textStyle":{"color":"#000000","fontSize":12,"fontFamily":""},"subtextStyle":{"color":"#000000","fontSize":12,"fontFamily":""},"left":"50%","bottom":"5px"},"axisTick":{"show":true},"axisLine":{"onZero":false},"scale":true,"axisLabel":{"show":true,"rotate":0,"textStyle":{"color":"#000000","fontSize":12,"fontFamily":""}},"zlevel":1}],"yAxis":[{"selected":[],"title":{"show":true,"text":"","subtext":"","rotate":-90,"textStyle":{"color":"#000000","fontSize":12,"fontFamily":""},"subtextStyle":{"color":"#000000","fontSize":12,"fontFamily":""},"left":"8px","top":"50%"},"axisTick":{"show":true},"axisLine":{"onZero":false},"scale":true,"axisLabel":{"show":true,"rotate":0,"textStyle":{"color":"#000000","fontSize":12,"fontFamily":""}},"zlevel":1}],"colorBy":[{"selected":[]}],"legend":{"show":true,"orientation":"horizontal","left":"50%","right":"auto","top":"10px","bottom":"auto","textStyle":{"color":"#000000","fontSize":12,"fontFamily":"","fontStyle":"normal","fontWeight":"normal","fontDecoration":"none"}},"noDataMessage":"","plotOptions":{"table":{"formatter":[]},"map":{"geoData":{}}},"source":{"dataType":"lazy","lazyData":[]},"guide":{"message":"Set data options using Chart Setting Button."}},"dataSource":{"selectable":true},"style":{},"group":"upg6sg6qkcsqt5pms6yhg9v8"}],"layout":{"type":"panel","id":"default-1605775181151"}}],"full":[{"panel":[],"layout":{}}]}},"description":""},"meta":{"table":{"type":"table"},"summary_table":{"type":"table"},"count_table":{"type":"table"}},"context":"python","version":"3.6","inputs":{"table":"tv27sgeen4w339z7"},"outputs":{"summary_table":"tu7bhuc42b6769ns","count_table":"t5dsf6z6gcaj9uhq"},"fid":"f4dt6qnfk37p3hzp"},{"persist-mode":"auto","func":"simpleFilterPython","name":"brightics.function.manipulation$simple_filter","context":"python","version":"3.6","param":{"main_operator":"and","input_cols":["srch_ci"],"operators":["=="],"operands":["'\"\"'"]},"inputs":{"table":"tv27sgeen4w339z7"},"outputs":{"out_table":"tezfhdk9wchkcayp"},"meta":{"table":{"type":"table"},"out_table":{"type":"table"}},"display":{"label":"srch_ci => 1133","diagram":{"position":{"x":520,"y":120}},"sheet":{"in":{"partial":[{"panel":[{"id":"default-1605775293562","chartOption":{"colorSet":["#FD026C","#4682B8","#A5D22D","#F5CC0A","#FE8C01","#6B9494","#B97C46","#84ACD0","#C2E173","#F9DD5B","#FE569D","#FEB356","#9CB8B8","#D0A884","#2E6072","#6D8C1E","#A48806","#A90148","#A95E01","#476363","#7B532F"],"title":{"show":true,"text":"","subtext":"","rotate":0,"textStyle":{"color":"#000000","fontSize":12,"fontFamily":""},"subtextStyle":{"color":"#000000","fontSize":12,"fontFamily":""},"left":"50%","top":"0px"},"toolbar":{"show":false,"right":"8px","top":"8px","orientation":"horizontal","menu":{}},"chart":{"border":"1px #000000 none","background":"rgba(255, 255, 255,1)","animationDuration":1000,"type":"table"},"tooltip":{"triggerOn":"mousemove"},"grid":{"left":"10%","right":"10%","top":"60px","bottom":"60px","width":"auto","height":"auto"},"xAxis":[{"selected":[],"title":{"show":true,"text":"","subtext":"","rotate":0,"textStyle":{"color":"#000000","fontSize":12,"fontFamily":""},"subtextStyle":{"color":"#000000","fontSize":12,"fontFamily":""},"left":"50%","bottom":"5px"},"axisTick":{"show":true},"axisLine":{"onZero":false},"scale":true,"axisLabel":{"show":true,"rotate":0,"textStyle":{"color":"#000000","fontSize":12,"fontFamily":""}},"zlevel":1}],"yAxis":[{"selected":[],"title":{"show":true,"text":"","subtext":"","rotate":-90,"textStyle":{"color":"#000000","fontSize":12,"fontFamily":""},"subtextStyle":{"color":"#000000","fontSize":12,"fontFamily":""},"left":"8px","top":"50%"},"axisTick":{"show":true},"axisLine":{"onZero":false},"scale":true,"axisLabel":{"show":true,"rotate":0,"textStyle":{"color":"#000000","fontSize":12,"fontFamily":""}},"zlevel":1}],"colorBy":[{"selected":[]}],"legend":{"show":true,"orientation":"horizontal","left":"50%","right":"auto","top":"10px","bottom":"auto","textStyle":{"color":"#000000","fontSize":12,"fontFamily":"","fontStyle":"normal","fontWeight":"normal","fontDecoration":"none"}},"noDataMessage":"","plotOptions":{"table":{"formatter":[]},"map":{"geoData":{}}},"source":{"dataType":"lazy","lazyData":[]},"guide":{"message":"Set data options using Chart Setting Button."}},"dataSource":{"selectable":true},"style":{},"group":"pvs6s9jz3qvywu7pasxu2d3b"}],"layout":{"type":"panel","id":"default-1605775293562"}}],"full":[{"panel":[],"layout":{}}]},"out":{"partial":[{"panel":[{"id":"default-1605775293643","chartOption":{"colorSet":["#FD026C","#4682B8","#A5D22D","#F5CC0A","#FE8C01","#6B9494","#B97C46","#84ACD0","#C2E173","#F9DD5B","#FE569D","#FEB356","#9CB8B8","#D0A884","#2E6072","#6D8C1E","#A48806","#A90148","#A95E01","#476363","#7B532F"],"title":{"show":true,"text":"","subtext":"","rotate":0,"textStyle":{"color":"#000000","fontSize":12,"fontFamily":""},"subtextStyle":{"color":"#000000","fontSize":12,"fontFamily":""},"left":"50%","top":"0px"},"toolbar":{"show":false,"right":"8px","top":"8px","orientation":"horizontal","menu":{}},"chart":{"border":"1px #000000 none","background":"rgba(255, 255, 255,1)","animationDuration":1000,"type":"table"},"tooltip":{"triggerOn":"mousemove"},"grid":{"left":"10%","right":"10%","top":"60px","bottom":"60px","width":"auto","height":"auto"},"xAxis":[{"selected":[],"title":{"show":true,"text":"","subtext":"","rotate":0,"textStyle":{"color":"#000000","fontSize":12,"fontFamily":""},"subtextStyle":{"color":"#000000","fontSize":12,"fontFamily":""},"left":"50%","bottom":"5px"},"axisTick":{"show":true},"axisLine":{"onZero":false},"scale":true,"axisLabel":{"show":true,"rotate":0,"textStyle":{"color":"#000000","fontSize":12,"fontFamily":""}},"zlevel":1}],"yAxis":[{"selected":[],"title":{"show":true,"text":"","subtext":"","rotate":-90,"textStyle":{"color":"#000000","fontSize":12,"fontFamily":""},"subtextStyle":{"color":"#000000","fontSize":12,"fontFamily":""},"left":"8px","top":"50%"},"axisTick":{"show":true},"axisLine":{"onZero":false},"scale":true,"axisLabel":{"show":true,"rotate":0,"textStyle":{"color":"#000000","fontSize":12,"fontFamily":""}},"zlevel":1}],"colorBy":[{"selected":[]}],"legend":{"show":true,"orientation":"horizontal","left":"50%","right":"auto","top":"10px","bottom":"auto","textStyle":{"color":"#000000","fontSize":12,"fontFamily":"","fontStyle":"normal","fontWeight":"normal","fontDecoration":"none"}},"noDataMessage":"","plotOptions":{"table":{"formatter":[]},"map":{"geoData":{}}},"source":{"dataType":"lazy","lazyData":[]},"guide":{"message":"Set data options using Chart Setting Button."}},"dataSource":{"selectable":true},"style":{},"group":"ypqa8rbmcvkic8x6fpztgazh"}],"layout":{"type":"panel","id":"default-1605775293643"}}],"full":[{"panel":[],"layout":{}}]}},"description":""},"fid":"fxpr57zb29ymzxzy"},{"persist-mode":"auto","func":"simpleFilterPython","name":"brightics.function.manipulation$simple_filter","context":"python","version":"3.6","param":{"main_operator":"and","input_cols":["srch_co"],"operators":["=="],"operands":["'\"\"'"]},"inputs":{"table":"tv27sgeen4w339z7"},"outputs":{"out_table":"tz7jpc2dacp6ebru"},"meta":{"table":{"type":"table"},"out_table":{"type":"table"}},"display":{"label":"srch_co => 1133","diagram":{"position":{"x":770,"y":120}},"sheet":{"in":{"partial":[{"panel":[{"id":"default-1605775293562","chartOption":{"colorSet":["#FD026C","#4682B8","#A5D22D","#F5CC0A","#FE8C01","#6B9494","#B97C46","#84ACD0","#C2E173","#F9DD5B","#FE569D","#FEB356","#9CB8B8","#D0A884","#2E6072","#6D8C1E","#A48806","#A90148","#A95E01","#476363","#7B532F"],"title":{"show":true,"text":"","subtext":"","rotate":0,"textStyle":{"color":"#000000","fontSize":12,"fontFamily":""},"subtextStyle":{"color":"#000000","fontSize":12,"fontFamily":""},"left":"50%","top":"0px"},"toolbar":{"show":false,"right":"8px","top":"8px","orientation":"horizontal","menu":{}},"chart":{"border":"1px #000000 none","background":"rgba(255, 255, 255,1)","animationDuration":1000,"type":"table"},"tooltip":{"triggerOn":"mousemove"},"grid":{"left":"10%","right":"10%","top":"60px","bottom":"60px","width":"auto","height":"auto"},"xAxis":[{"selected":[],"title":{"show":true,"text":"","subtext":"","rotate":0,"textStyle":{"color":"#000000","fontSize":12,"fontFamily":""},"subtextStyle":{"color":"#000000","fontSize":12,"fontFamily":""},"left":"50%","bottom":"5px"},"axisTick":{"show":true},"axisLine":{"onZero":false},"scale":true,"axisLabel":{"show":true,"rotate":0,"textStyle":{"color":"#000000","fontSize":12,"fontFamily":""}},"zlevel":1}],"yAxis":[{"selected":[],"title":{"show":true,"text":"","subtext":"","rotate":-90,"textStyle":{"color":"#000000","fontSize":12,"fontFamily":""},"subtextStyle":{"color":"#000000","fontSize":12,"fontFamily":""},"left":"8px","top":"50%"},"axisTick":{"show":true},"axisLine":{"onZero":false},"scale":true,"axisLabel":{"show":true,"rotate":0,"textStyle":{"color":"#000000","fontSize":12,"fontFamily":""}},"zlevel":1}],"colorBy":[{"selected":[]}],"legend":{"show":true,"orientation":"horizontal","left":"50%","right":"auto","top":"10px","bottom":"auto","textStyle":{"color":"#000000","fontSize":12,"fontFamily":"","fontStyle":"normal","fontWeight":"normal","fontDecoration":"none"}},"noDataMessage":"","plotOptions":{"table":{"formatter":[]},"map":{"geoData":{}}},"source":{"dataType":"lazy","lazyData":[]},"guide":{"message":"Set data options using Chart Setting Button."}},"dataSource":{"selectable":true},"style":{},"group":"pvs6s9jz3qvywu7pasxu2d3b"}],"layout":{"type":"panel","id":"default-1605775293562"}}],"full":[{"panel":[],"layout":{}}]},"out":{"partial":[{"panel":[{"id":"default-1605775293643","chartOption":{"colorSet":["#FD026C","#4682B8","#A5D22D","#F5CC0A","#FE8C01","#6B9494","#B97C46","#84ACD0","#C2E173","#F9DD5B","#FE569D","#FEB356","#9CB8B8","#D0A884","#2E6072","#6D8C1E","#A48806","#A90148","#A95E01","#476363","#7B532F"],"title":{"show":true,"text":"","subtext":"","rotate":0,"textStyle":{"color":"#000000","fontSize":12,"fontFamily":""},"subtextStyle":{"color":"#000000","fontSize":12,"fontFamily":""},"left":"50%","top":"0px"},"toolbar":{"show":false,"right":"8px","top":"8px","orientation":"horizontal","menu":{}},"chart":{"border":"1px #000000 none","background":"rgba(255, 255, 255,1)","animationDuration":1000,"type":"table"},"tooltip":{"triggerOn":"mousemove"},"grid":{"left":"10%","right":"10%","top":"60px","bottom":"60px","width":"auto","height":"auto"},"xAxis":[{"selected":[],"title":{"show":true,"text":"","subtext":"","rotate":0,"textStyle":{"color":"#000000","fontSize":12,"fontFamily":""},"subtextStyle":{"color":"#000000","fontSize":12,"fontFamily":""},"left":"50%","bottom":"5px"},"axisTick":{"show":true},"axisLine":{"onZero":false},"scale":true,"axisLabel":{"show":true,"rotate":0,"textStyle":{"color":"#000000","fontSize":12,"fontFamily":""}},"zlevel":1}],"yAxis":[{"selected":[],"title":{"show":true,"text":"","subtext":"","rotate":-90,"textStyle":{"color":"#000000","fontSize":12,"fontFamily":""},"subtextStyle":{"color":"#000000","fontSize":12,"fontFamily":""},"left":"8px","top":"50%"},"axisTick":{"show":true},"axisLine":{"onZero":false},"scale":true,"axisLabel":{"show":true,"rotate":0,"textStyle":{"color":"#000000","fontSize":12,"fontFamily":""}},"zlevel":1}],"colorBy":[{"selected":[]}],"legend":{"show":true,"orientation":"horizontal","left":"50%","right":"auto","top":"10px","bottom":"auto","textStyle":{"color":"#000000","fontSize":12,"fontFamily":"","fontStyle":"normal","fontWeight":"normal","fontDecoration":"none"}},"noDataMessage":"","plotOptions":{"table":{"formatter":[]},"map":{"geoData":{}}},"source":{"dataType":"lazy","lazyData":[]},"guide":{"message":"Set data options using Chart Setting Button."}},"dataSource":{"selectable":true},"style":{},"group":"ypqa8rbmcvkic8x6fpztgazh"}],"layout":{"type":"panel","id":"default-1605775293643"}}],"full":[{"panel":[],"layout":{}}]}},"description":""},"fid":"fvd94jujhdxgsn8d"},{"persist-mode":"auto","func":"brightics.function.statistics$statistic_summary80870","name":"brightics.function.statistics$statistic_summary","param":{"statistics":["null_count"],"input_cols":["orig_destination_distance","srch_adults_cnt","srch_children_cnt","srch_rm_cnt","cnt"]},"display":{"label":"Q1: Statistic Summary","diagram":{"position":{"x":270,"y":220}},"sheet":{"in":{"partial":[{"panel":[{"id":"default-1605775462196","chartOption":{"colorSet":["#FD026C","#4682B8","#A5D22D","#F5CC0A","#FE8C01","#6B9494","#B97C46","#84ACD0","#C2E173","#F9DD5B","#FE569D","#FEB356","#9CB8B8","#D0A884","#2E6072","#6D8C1E","#A48806","#A90148","#A95E01","#476363","#7B532F"],"title":{"show":true,"text":"","subtext":"","rotate":0,"textStyle":{"color":"#000000","fontSize":12,"fontFamily":""},"subtextStyle":{"color":"#000000","fontSize":12,"fontFamily":""},"left":"50%","top":"0px"},"toolbar":{"show":false,"right":"8px","top":"8px","orientation":"horizontal","menu":{}},"chart":{"border":"1px #000000 none","background":"rgba(255, 255, 255,1)","animationDuration":1000,"type":"table"},"tooltip":{"triggerOn":"mousemove"},"grid":{"left":"10%","right":"10%","top":"60px","bottom":"60px","width":"auto","height":"auto"},"xAxis":[{"selected":[],"title":{"show":true,"text":"","subtext":"","rotate":0,"textStyle":{"color":"#000000","fontSize":12,"fontFamily":""},"subtextStyle":{"color":"#000000","fontSize":12,"fontFamily":""},"left":"50%","bottom":"5px"},"axisTick":{"show":true},"axisLine":{"onZero":false},"scale":true,"axisLabel":{"show":true,"rotate":0,"textStyle":{"color":"#000000","fontSize":12,"fontFamily":""}},"zlevel":1}],"yAxis":[{"selected":[],"title":{"show":true,"text":"","subtext":"","rotate":-90,"textStyle":{"color":"#000000","fontSize":12,"fontFamily":""},"subtextStyle":{"color":"#000000","fontSize":12,"fontFamily":""},"left":"8px","top":"50%"},"axisTick":{"show":true},"axisLine":{"onZero":false},"scale":true,"axisLabel":{"show":true,"rotate":0,"textStyle":{"color":"#000000","fontSize":12,"fontFamily":""}},"zlevel":1}],"colorBy":[{"selected":[]}],"legend":{"show":true,"orientation":"horizontal","left":"50%","right":"auto","top":"10px","bottom":"auto","textStyle":{"color":"#000000","fontSize":12,"fontFamily":"","fontStyle":"normal","fontWeight":"normal","fontDecoration":"none"}},"noDataMessage":"","plotOptions":{"table":{"formatter":[]},"map":{"geoData":{}}},"source":{"dataType":"lazy","lazyData":[]},"guide":{"message":"Set data options using Chart Setting Button."}},"dataSource":{"selectable":true},"style":{},"group":"2qtxwc2zptth6ka6afmuarxq"}],"layout":{"type":"panel","id":"default-1605775462196"}}],"full":[{"panel":[],"layout":{}}]},"out":{"partial":[{"panel":[{"id":"default-1605775462275","chartOption":{"colorSet":["#FD026C","#4682B8","#A5D22D","#F5CC0A","#FE8C01","#6B9494","#B97C46","#84ACD0","#C2E173","#F9DD5B","#FE569D","#FEB356","#9CB8B8","#D0A884","#2E6072","#6D8C1E","#A48806","#A90148","#A95E01","#476363","#7B532F"],"title":{"show":true,"text":"","subtext":"","rotate":0,"textStyle":{"color":"#000000","fontSize":12,"fontFamily":""},"subtextStyle":{"color":"#000000","fontSize":12,"fontFamily":""},"left":"50%","top":"0px"},"toolbar":{"show":false,"right":"8px","top":"8px","orientation":"horizontal","menu":{}},"chart":{"border":"1px #000000 none","background":"rgba(255, 255, 255,1)","animationDuration":1000,"type":"table"},"tooltip":{"triggerOn":"mousemove"},"grid":{"left":"10%","right":"10%","top":"60px","bottom":"60px","width":"auto","height":"auto"},"xAxis":[{"selected":[],"title":{"show":true,"text":"","subtext":"","rotate":0,"textStyle":{"color":"#000000","fontSize":12,"fontFamily":""},"subtextStyle":{"color":"#000000","fontSize":12,"fontFamily":""},"left":"50%","bottom":"5px"},"axisTick":{"show":true},"axisLine":{"onZero":false},"scale":true,"axisLabel":{"show":true,"rotate":0,"textStyle":{"color":"#000000","fontSize":12,"fontFamily":""}},"zlevel":1}],"yAxis":[{"selected":[],"title":{"show":true,"text":"","subtext":"","rotate":-90,"textStyle":{"color":"#000000","fontSize":12,"fontFamily":""},"subtextStyle":{"color":"#000000","fontSize":12,"fontFamily":""},"left":"8px","top":"50%"},"axisTick":{"show":true},"axisLine":{"onZero":false},"scale":true,"axisLabel":{"show":true,"rotate":0,"textStyle":{"color":"#000000","fontSize":12,"fontFamily":""}},"zlevel":1}],"colorBy":[{"selected":[]}],"legend":{"show":true,"orientation":"horizontal","left":"50%","right":"auto","top":"10px","bottom":"auto","textStyle":{"color":"#000000","fontSize":12,"fontFamily":"","fontStyle":"normal","fontWeight":"normal","fontDecoration":"none"}},"noDataMessage":"","plotOptions":{"table":{"formatter":[]},"map":{"geoData":{}}},"source":{"dataType":"lazy","lazyData":[]},"guide":{"message":"Set data options using Chart Setting Button."}},"dataSource":{"selectable":true},"style":{},"group":"ka24vvj85m58djt73dyrknus"}],"layout":{"type":"panel","id":"default-1605775462275"}}],"full":[{"panel":[],"layout":{}}]}},"description":""},"meta":{"table":{"type":"table"},"out_table":{"type":"table"}},"context":"python","version":"3.6","inputs":{"table":"tv27sgeen4w339z7"},"outputs":{"out_table":"tmxq4fzb9j3fq4sg"},"fid":"f29a545re7p7asn3"},{"persist-mode":"auto","func":"brightics.function.transform$delete_missing_data","name":"brightics.function.transform$delete_missing_data","param":{"input_cols":["orig_destination_distance"]},"display":{"label":"Delete Missing Data","diagram":{"position":{"x":270,"y":320}},"sheet":{"in":{"partial":[{"panel":[{"id":"default-1605830607049","chartOption":{"colorSet":["#FD026C","#4682B8","#A5D22D","#F5CC0A","#FE8C01","#6B9494","#B97C46","#84ACD0","#C2E173","#F9DD5B","#FE569D","#FEB356","#9CB8B8","#D0A884","#2E6072","#6D8C1E","#A48806","#A90148","#A95E01","#476363","#7B532F"],"title":{"show":true,"text":"","subtext":"","rotate":0,"textStyle":{"color":"#000000","fontSize":12,"fontFamily":""},"subtextStyle":{"color":"#000000","fontSize":12,"fontFamily":""},"left":"50%","top":"0px"},"toolbar":{"show":false,"right":"8px","top":"8px","orientation":"horizontal","menu":{}},"chart":{"border":"1px #000000 none","background":"rgba(255, 255, 255,1)","animationDuration":1000,"type":"table"},"tooltip":{"triggerOn":"mousemove"},"grid":{"left":"10%","right":"10%","top":"60px","bottom":"60px","width":"auto","height":"auto"},"xAxis":[{"selected":[],"title":{"show":true,"text":"","subtext":"","rotate":0,"textStyle":{"color":"#000000","fontSize":12,"fontFamily":""},"subtextStyle":{"color":"#000000","fontSize":12,"fontFamily":""},"left":"50%","bottom":"5px"},"axisTick":{"show":true},"axisLine":{"onZero":false},"scale":true,"axisLabel":{"show":true,"rotate":0,"textStyle":{"color":"#000000","fontSize":12,"fontFamily":""}},"zlevel":1}],"yAxis":[{"selected":[],"title":{"show":true,"text":"","subtext":"","rotate":-90,"textStyle":{"color":"#000000","fontSize":12,"fontFamily":""},"subtextStyle":{"color":"#000000","fontSize":12,"fontFamily":""},"left":"8px","top":"50%"},"axisTick":{"show":true},"axisLine":{"onZero":false},"scale":true,"axisLabel":{"show":true,"rotate":0,"textStyle":{"color":"#000000","fontSize":12,"fontFamily":""}},"zlevel":1}],"colorBy":[{"selected":[]}],"legend":{"show":true,"orientation":"horizontal","left":"50%","right":"auto","top":"10px","bottom":"auto","textStyle":{"color":"#000000","fontSize":12,"fontFamily":"","fontStyle":"normal","fontWeight":"normal","fontDecoration":"none"}},"noDataMessage":"","plotOptions":{"table":{"formatter":[]},"map":{"geoData":{}}},"source":{"dataType":"lazy","lazyData":[]},"guide":{"message":"Set data options using Chart Setting Button."}},"dataSource":{"selectable":true},"style":{},"group":"fq8y2gm5yc5vt96kriqhfubu"}],"layout":{"type":"panel","id":"default-1605830607049"}}],"full":[{"panel":[],"layout":{}}]},"out":{"partial":[{"panel":[{"id":"default-1605830607086","chartOption":{"colorSet":["#FD026C","#4682B8","#A5D22D","#F5CC0A","#FE8C01","#6B9494","#B97C46","#84ACD0","#C2E173","#F9DD5B","#FE569D","#FEB356","#9CB8B8","#D0A884","#2E6072","#6D8C1E","#A48806","#A90148","#A95E01","#476363","#7B532F"],"title":{"show":true,"text":"","subtext":"","rotate":0,"textStyle":{"color":"#000000","fontSize":12,"fontFamily":""},"subtextStyle":{"color":"#000000","fontSize":12,"fontFamily":""},"left":"50%","top":"0px"},"toolbar":{"show":false,"right":"8px","top":"8px","orientation":"horizontal","menu":{}},"chart":{"border":"1px #000000 none","background":"rgba(255, 255, 255,1)","animationDuration":1000,"type":"table"},"tooltip":{"triggerOn":"mousemove"},"grid":{"left":"10%","right":"10%","top":"60px","bottom":"60px","width":"auto","height":"auto"},"xAxis":[{"selected":[],"title":{"show":true,"text":"","subtext":"","rotate":0,"textStyle":{"color":"#000000","fontSize":12,"fontFamily":""},"subtextStyle":{"color":"#000000","fontSize":12,"fontFamily":""},"left":"50%","bottom":"5px"},"axisTick":{"show":true},"axisLine":{"onZero":false},"scale":true,"axisLabel":{"show":true,"rotate":0,"textStyle":{"color":"#000000","fontSize":12,"fontFamily":""}},"zlevel":1}],"yAxis":[{"selected":[],"title":{"show":true,"text":"","subtext":"","rotate":-90,"textStyle":{"color":"#000000","fontSize":12,"fontFamily":""},"subtextStyle":{"color":"#000000","fontSize":12,"fontFamily":""},"left":"8px","top":"50%"},"axisTick":{"show":true},"axisLine":{"onZero":false},"scale":true,"axisLabel":{"show":true,"rotate":0,"textStyle":{"color":"#000000","fontSize":12,"fontFamily":""}},"zlevel":1}],"colorBy":[{"selected":[]}],"legend":{"show":true,"orientation":"horizontal","left":"50%","right":"auto","top":"10px","bottom":"auto","textStyle":{"color":"#000000","fontSize":12,"fontFamily":"","fontStyle":"normal","fontWeight":"normal","fontDecoration":"none"}},"noDataMessage":"","plotOptions":{"table":{"formatter":[]},"map":{"geoData":{}}},"source":{"dataType":"lazy","lazyData":[]},"guide":{"message":"Set data options using Chart Setting Button."}},"dataSource":{"selectable":true},"style":{},"group":"284m623qakye7cd664nfumux"}],"layout":{"type":"panel","id":"default-1605830607086"}}],"full":[{"panel":[],"layout":{}}]}}},"meta":{"out_table":{"type":"table"},"input_table":{"type":"table"},"table":{"type":"table"}},"context":"python","version":"3.6","inputs":{"table":"tv27sgeen4w339z7"},"outputs":{"out_table":"t2kyktf3h6qv7hsb"},"fid":"fehdnc9uhvdhyeca"},{"persist-mode":"auto","func":"simpleFilterPython","name":"brightics.function.manipulation$simple_filter","context":"python","version":"3.6","param":{"main_operator":"or","input_cols":["srch_ci","srch_co"],"operators":["!=","!="],"operands":["'\"\"'","'\"\"'"]},"inputs":{"table":"t2kyktf3h6qv7hsb"},"outputs":{"out_table":"t8nj4cw6g65hyj32"},"meta":{"table":{"type":"table"},"out_table":{"type":"table"}},"display":{"label":"Q2: Base Table(639,678)","diagram":{"position":{"x":520,"y":320}},"sheet":{"in":{"partial":[{"panel":[{"id":"default-1605830638569","chartOption":{"colorSet":["#FD026C","#4682B8","#A5D22D","#F5CC0A","#FE8C01","#6B9494","#B97C46","#84ACD0","#C2E173","#F9DD5B","#FE569D","#FEB356","#9CB8B8","#D0A884","#2E6072","#6D8C1E","#A48806","#A90148","#A95E01","#476363","#7B532F"],"title":{"show":true,"text":"","subtext":"","rotate":0,"textStyle":{"color":"#000000","fontSize":12,"fontFamily":""},"subtextStyle":{"color":"#000000","fontSize":12,"fontFamily":""},"left":"50%","top":"0px"},"toolbar":{"show":false,"right":"8px","top":"8px","orientation":"horizontal","menu":{}},"chart":{"border":"1px #000000 none","background":"rgba(255, 255, 255,1)","animationDuration":1000,"type":"table"},"tooltip":{"triggerOn":"mousemove"},"grid":{"left":"10%","right":"10%","top":"60px","bottom":"60px","width":"auto","height":"auto"},"xAxis":[{"selected":[],"title":{"show":true,"text":"","subtext":"","rotate":0,"textStyle":{"color":"#000000","fontSize":12,"fontFamily":""},"subtextStyle":{"color":"#000000","fontSize":12,"fontFamily":""},"left":"50%","bottom":"5px"},"axisTick":{"show":true},"axisLine":{"onZero":false},"scale":true,"axisLabel":{"show":true,"rotate":0,"textStyle":{"color":"#000000","fontSize":12,"fontFamily":""}},"zlevel":1}],"yAxis":[{"selected":[],"title":{"show":true,"text":"","subtext":"","rotate":-90,"textStyle":{"color":"#000000","fontSize":12,"fontFamily":""},"subtextStyle":{"color":"#000000","fontSize":12,"fontFamily":""},"left":"8px","top":"50%"},"axisTick":{"show":true},"axisLine":{"onZero":false},"scale":true,"axisLabel":{"show":true,"rotate":0,"textStyle":{"color":"#000000","fontSize":12,"fontFamily":""}},"zlevel":1}],"colorBy":[{"selected":[]}],"legend":{"show":true,"orientation":"horizontal","left":"50%","right":"auto","top":"10px","bottom":"auto","textStyle":{"color":"#000000","fontSize":12,"fontFamily":"","fontStyle":"normal","fontWeight":"normal","fontDecoration":"none"}},"noDataMessage":"","plotOptions":{"table":{"formatter":[]},"map":{"geoData":{}}},"source":{"dataType":"lazy","lazyData":[]},"guide":{"message":"Set data options using Chart Setting Button."}},"dataSource":{"selectable":true},"style":{},"group":"j4mj2mr38gjssvnbivbv8ych"}],"layout":{"type":"panel","id":"default-1605830638569"}}],"full":[{"panel":[],"layout":{}}]},"out":{"partial":[{"panel":[{"id":"default-1605830638595","chartOption":{"colorSet":["#FD026C","#4682B8","#A5D22D","#F5CC0A","#FE8C01","#6B9494","#B97C46","#84ACD0","#C2E173","#F9DD5B","#FE569D","#FEB356","#9CB8B8","#D0A884","#2E6072","#6D8C1E","#A48806","#A90148","#A95E01","#476363","#7B532F"],"title":{"show":true,"text":"","subtext":"","rotate":0,"textStyle":{"color":"#000000","fontSize":12,"fontFamily":""},"subtextStyle":{"color":"#000000","fontSize":12,"fontFamily":""},"left":"50%","top":"0px"},"toolbar":{"show":false,"right":"8px","top":"8px","orientation":"horizontal","menu":{}},"chart":{"border":"1px #000000 none","background":"rgba(255, 255, 255,1)","animationDuration":1000,"type":"table"},"tooltip":{"triggerOn":"mousemove"},"grid":{"left":"10%","right":"10%","top":"60px","bottom":"60px","width":"auto","height":"auto"},"xAxis":[{"selected":[],"title":{"show":true,"text":"","subtext":"","rotate":0,"textStyle":{"color":"#000000","fontSize":12,"fontFamily":""},"subtextStyle":{"color":"#000000","fontSize":12,"fontFamily":""},"left":"50%","bottom":"5px"},"axisTick":{"show":true},"axisLine":{"onZero":false},"scale":true,"axisLabel":{"show":true,"rotate":0,"textStyle":{"color":"#000000","fontSize":12,"fontFamily":""}},"zlevel":1}],"yAxis":[{"selected":[],"title":{"show":true,"text":"","subtext":"","rotate":-90,"textStyle":{"color":"#000000","fontSize":12,"fontFamily":""},"subtextStyle":{"color":"#000000","fontSize":12,"fontFamily":""},"left":"8px","top":"50%"},"axisTick":{"show":true},"axisLine":{"onZero":false},"scale":true,"axisLabel":{"show":true,"rotate":0,"textStyle":{"color":"#000000","fontSize":12,"fontFamily":""}},"zlevel":1}],"colorBy":[{"selected":[]}],"legend":{"show":true,"orientation":"horizontal","left":"50%","right":"auto","top":"10px","bottom":"auto","textStyle":{"color":"#000000","fontSize":12,"fontFamily":"","fontStyle":"normal","fontWeight":"normal","fontDecoration":"none"}},"noDataMessage":"","plotOptions":{"table":{"formatter":[]},"map":{"geoData":{}}},"source":{"dataType":"lazy","lazyData":[]},"guide":{"message":"Set data options using Chart Setting Button."}},"dataSource":{"selectable":true},"style":{},"group":"uxaq35cem44ct5hvhfi6f8um"}],"layout":{"type":"panel","id":"default-1605830638595"}}],"full":[{"panel":[],"layout":{}}]}},"description":""},"fid":"fe4d6s4d5jrj42bs"},{"persist-mode":"auto","func":"brightics.function.statistics$string_summary91057","name":"brightics.function.statistics$string_summary","param":{"input_cols":["site_name","channel"]},"display":{"label":"Q3: String Summary","diagram":{"position":{"x":770,"y":320}},"sheet":{"in":{"partial":[{"panel":[{"id":"default-1605830782690","chartOption":{"colorSet":["#FD026C","#4682B8","#A5D22D","#F5CC0A","#FE8C01","#6B9494","#B97C46","#84ACD0","#C2E173","#F9DD5B","#FE569D","#FEB356","#9CB8B8","#D0A884","#2E6072","#6D8C1E","#A48806","#A90148","#A95E01","#476363","#7B532F"],"title":{"show":true,"text":"","subtext":"","rotate":0,"textStyle":{"color":"#000000","fontSize":12,"fontFamily":""},"subtextStyle":{"color":"#000000","fontSize":12,"fontFamily":""},"left":"50%","top":"0px"},"toolbar":{"show":false,"right":"8px","top":"8px","orientation":"horizontal","menu":{}},"chart":{"border":"1px #000000 none","background":"rgba(255, 255, 255,1)","animationDuration":1000,"type":"table"},"tooltip":{"triggerOn":"mousemove"},"grid":{"left":"10%","right":"10%","top":"60px","bottom":"60px","width":"auto","height":"auto"},"xAxis":[{"selected":[],"title":{"show":true,"text":"","subtext":"","rotate":0,"textStyle":{"color":"#000000","fontSize":12,"fontFamily":""},"subtextStyle":{"color":"#000000","fontSize":12,"fontFamily":""},"left":"50%","bottom":"5px"},"axisTick":{"show":true},"axisLine":{"onZero":false},"scale":true,"axisLabel":{"show":true,"rotate":0,"textStyle":{"color":"#000000","fontSize":12,"fontFamily":""}},"zlevel":1}],"yAxis":[{"selected":[],"title":{"show":true,"text":"","subtext":"","rotate":-90,"textStyle":{"color":"#000000","fontSize":12,"fontFamily":""},"subtextStyle":{"color":"#000000","fontSize":12,"fontFamily":""},"left":"8px","top":"50%"},"axisTick":{"show":true},"axisLine":{"onZero":false},"scale":true,"axisLabel":{"show":true,"rotate":0,"textStyle":{"color":"#000000","fontSize":12,"fontFamily":""}},"zlevel":1}],"colorBy":[{"selected":[]}],"legend":{"show":true,"orientation":"horizontal","left":"50%","right":"auto","top":"10px","bottom":"auto","textStyle":{"color":"#000000","fontSize":12,"fontFamily":"","fontStyle":"normal","fontWeight":"normal","fontDecoration":"none"}},"noDataMessage":"","plotOptions":{"table":{"formatter":[]},"map":{"geoData":{}}},"source":{"dataType":"lazy","lazyData":[]},"guide":{"message":"Set data options using Chart Setting Button."}},"dataSource":{"selectable":true},"style":{},"group":"36a9t7wshq83ihqmnphsw3pb"}],"layout":{"type":"panel","id":"default-1605830782690"}}],"full":[{"panel":[],"layout":{}}]},"out":{"partial":[{"panel":[{"id":"default-1605830782724","chartOption":{"colorSet":["#FD026C","#4682B8","#A5D22D","#F5CC0A","#FE8C01","#6B9494","#B97C46","#84ACD0","#C2E173","#F9DD5B","#FE569D","#FEB356","#9CB8B8","#D0A884","#2E6072","#6D8C1E","#A48806","#A90148","#A95E01","#476363","#7B532F"],"title":{"show":true,"text":"","subtext":"","rotate":0,"textStyle":{"color":"#000000","fontSize":12,"fontFamily":""},"subtextStyle":{"color":"#000000","fontSize":12,"fontFamily":""},"left":"50%","top":"0px"},"toolbar":{"show":false,"right":"8px","top":"8px","orientation":"horizontal","menu":{}},"chart":{"border":"1px #000000 none","background":"rgba(255, 255, 255,1)","animationDuration":1000,"type":"table"},"tooltip":{"triggerOn":"mousemove"},"grid":{"left":"10%","right":"10%","top":"60px","bottom":"60px","width":"auto","height":"auto"},"xAxis":[{"selected":[],"title":{"show":true,"text":"","subtext":"","rotate":0,"textStyle":{"color":"#000000","fontSize":12,"fontFamily":""},"subtextStyle":{"color":"#000000","fontSize":12,"fontFamily":""},"left":"50%","bottom":"5px"},"axisTick":{"show":true},"axisLine":{"onZero":false},"scale":true,"axisLabel":{"show":true,"rotate":0,"textStyle":{"color":"#000000","fontSize":12,"fontFamily":""}},"zlevel":1}],"yAxis":[{"selected":[],"title":{"show":true,"text":"","subtext":"","rotate":-90,"textStyle":{"color":"#000000","fontSize":12,"fontFamily":""},"subtextStyle":{"color":"#000000","fontSize":12,"fontFamily":""},"left":"8px","top":"50%"},"axisTick":{"show":true},"axisLine":{"onZero":false},"scale":true,"axisLabel":{"show":true,"rotate":0,"textStyle":{"color":"#000000","fontSize":12,"fontFamily":""}},"zlevel":1}],"colorBy":[{"selected":[]}],"legend":{"show":true,"orientation":"horizontal","left":"50%","right":"auto","top":"10px","bottom":"auto","textStyle":{"color":"#000000","fontSize":12,"fontFamily":"","fontStyle":"normal","fontWeight":"normal","fontDecoration":"none"}},"noDataMessage":"","plotOptions":{"table":{"formatter":[]},"map":{"geoData":{}}},"source":{"dataType":"lazy","lazyData":[]},"guide":{"message":"Set data options using Chart Setting Button."}},"dataSource":{"selectable":true},"style":{},"group":"ubg5geeb57puzvpfunr24bt5"}],"layout":{"type":"panel","id":"default-1605830782724"}}],"full":[{"panel":[],"layout":{}}]}},"description":""},"meta":{"table":{"type":"table"},"summary_table":{"type":"table"},"count_table":{"type":"table"}},"context":"python","version":"3.6","inputs":{"table":"t8nj4cw6g65hyj32"},"outputs":{"summary_table":"tmy2ye7mdaxfnrhz","count_table":"tt84rmnrxktzng4v"},"fid":"fxfdswywc2ekvkhb"},{"persist-mode":"auto","func":"brightics.function.transform$distinct83807","name":"brightics.function.transform$distinct","param":{"input_cols":["site_name","channel"],"hold_cols":["site_name","channel"]},"display":{"label":"Q4: Distinct","diagram":{"position":{"x":770,"y":420}},"sheet":{"in":{"partial":[{"panel":[{"id":"default-1605830886398","chartOption":{"colorSet":["#FD026C","#4682B8","#A5D22D","#F5CC0A","#FE8C01","#6B9494","#B97C46","#84ACD0","#C2E173","#F9DD5B","#FE569D","#FEB356","#9CB8B8","#D0A884","#2E6072","#6D8C1E","#A48806","#A90148","#A95E01","#476363","#7B532F"],"title":{"show":true,"text":"","subtext":"","rotate":0,"textStyle":{"color":"#000000","fontSize":12,"fontFamily":""},"subtextStyle":{"color":"#000000","fontSize":12,"fontFamily":""},"left":"50%","top":"0px"},"toolbar":{"show":false,"right":"8px","top":"8px","orientation":"horizontal","menu":{}},"chart":{"border":"1px #000000 none","background":"rgba(255, 255, 255,1)","animationDuration":1000,"type":"table"},"tooltip":{"triggerOn":"mousemove"},"grid":{"left":"10%","right":"10%","top":"60px","bottom":"60px","width":"auto","height":"auto"},"xAxis":[{"selected":[],"title":{"show":true,"text":"","subtext":"","rotate":0,"textStyle":{"color":"#000000","fontSize":12,"fontFamily":""},"subtextStyle":{"color":"#000000","fontSize":12,"fontFamily":""},"left":"50%","bottom":"5px"},"axisTick":{"show":true},"axisLine":{"onZero":false},"scale":true,"axisLabel":{"show":true,"rotate":0,"textStyle":{"color":"#000000","fontSize":12,"fontFamily":""}},"zlevel":1}],"yAxis":[{"selected":[],"title":{"show":true,"text":"","subtext":"","rotate":-90,"textStyle":{"color":"#000000","fontSize":12,"fontFamily":""},"subtextStyle":{"color":"#000000","fontSize":12,"fontFamily":""},"left":"8px","top":"50%"},"axisTick":{"show":true},"axisLine":{"onZero":false},"scale":true,"axisLabel":{"show":true,"rotate":0,"textStyle":{"color":"#000000","fontSize":12,"fontFamily":""}},"zlevel":1}],"colorBy":[{"selected":[]}],"legend":{"show":true,"orientation":"horizontal","left":"50%","right":"auto","top":"10px","bottom":"auto","textStyle":{"color":"#000000","fontSize":12,"fontFamily":"","fontStyle":"normal","fontWeight":"normal","fontDecoration":"none"}},"noDataMessage":"","plotOptions":{"table":{"formatter":[]},"map":{"geoData":{}}},"source":{"dataType":"lazy","lazyData":[]},"guide":{"message":"Set data options using Chart Setting Button."}},"dataSource":{"selectable":true},"style":{},"group":"gtpym4pw8nycuqtqevhpmy9t"}],"layout":{"type":"panel","id":"default-1605830886398"}}],"full":[{"panel":[],"layout":{}}]},"out":{"partial":[{"panel":[{"id":"default-1605830886433","chartOption":{"colorSet":["#FD026C","#4682B8","#A5D22D","#F5CC0A","#FE8C01","#6B9494","#B97C46","#84ACD0","#C2E173","#F9DD5B","#FE569D","#FEB356","#9CB8B8","#D0A884","#2E6072","#6D8C1E","#A48806","#A90148","#A95E01","#476363","#7B532F"],"title":{"show":true,"text":"","subtext":"","rotate":0,"textStyle":{"color":"#000000","fontSize":12,"fontFamily":""},"subtextStyle":{"color":"#000000","fontSize":12,"fontFamily":""},"left":"50%","top":"0px"},"toolbar":{"show":false,"right":"8px","top":"8px","orientation":"horizontal","menu":{}},"chart":{"border":"1px #000000 none","background":"rgba(255, 255, 255,1)","animationDuration":1000,"type":"table"},"tooltip":{"triggerOn":"mousemove"},"grid":{"left":"10%","right":"10%","top":"60px","bottom":"60px","width":"auto","height":"auto"},"xAxis":[{"selected":[],"title":{"show":true,"text":"","subtext":"","rotate":0,"textStyle":{"color":"#000000","fontSize":12,"fontFamily":""},"subtextStyle":{"color":"#000000","fontSize":12,"fontFamily":""},"left":"50%","bottom":"5px"},"axisTick":{"show":true},"axisLine":{"onZero":false},"scale":true,"axisLabel":{"show":true,"rotate":0,"textStyle":{"color":"#000000","fontSize":12,"fontFamily":""}},"zlevel":1}],"yAxis":[{"selected":[],"title":{"show":true,"text":"","subtext":"","rotate":-90,"textStyle":{"color":"#000000","fontSize":12,"fontFamily":""},"subtextStyle":{"color":"#000000","fontSize":12,"fontFamily":""},"left":"8px","top":"50%"},"axisTick":{"show":true},"axisLine":{"onZero":false},"scale":true,"axisLabel":{"show":true,"rotate":0,"textStyle":{"color":"#000000","fontSize":12,"fontFamily":""}},"zlevel":1}],"colorBy":[{"selected":[]}],"legend":{"show":true,"orientation":"horizontal","left":"50%","right":"auto","top":"10px","bottom":"auto","textStyle":{"color":"#000000","fontSize":12,"fontFamily":"","fontStyle":"normal","fontWeight":"normal","fontDecoration":"none"}},"noDataMessage":"","plotOptions":{"table":{"formatter":[]},"map":{"geoData":{}}},"source":{"dataType":"lazy","lazyData":[]},"guide":{"message":"Set data options using Chart Setting Button."}},"dataSource":{"selectable":true},"style":{},"group":"97binpa9m8xf22sg969vu7vh"}],"layout":{"type":"panel","id":"default-1605830886433"}}],"full":[{"panel":[],"layout":{}}]}},"description":""},"meta":{"table":{"type":"table"},"out_table":{"type":"table"}},"context":"python","version":"3.6","inputs":{"table":"t8nj4cw6g65hyj32"},"outputs":{"out_table":"tshpyr6qpjxux87y"},"fid":"fdhmsrmnbhd53hv6"},{"persist-mode":"auto","func":"brightics.function.statistics$cross_table00483","name":"brightics.function.statistics$cross_table","param":{"result":"N / Row Total","margins":false,"input_cols_1":["channel"],"input_cols_2":["is_booking"]},"display":{"label":"Q5: Cross Table","diagram":{"position":{"x":770,"y":520}},"sheet":{"in":{"partial":[{"panel":[{"id":"default-1605830972869","chartOption":{"colorSet":["#FD026C","#4682B8","#A5D22D","#F5CC0A","#FE8C01","#6B9494","#B97C46","#84ACD0","#C2E173","#F9DD5B","#FE569D","#FEB356","#9CB8B8","#D0A884","#2E6072","#6D8C1E","#A48806","#A90148","#A95E01","#476363","#7B532F"],"title":{"show":true,"text":"","subtext":"","rotate":0,"textStyle":{"color":"#000000","fontSize":12,"fontFamily":""},"subtextStyle":{"color":"#000000","fontSize":12,"fontFamily":""},"left":"50%","top":"0px"},"toolbar":{"show":false,"right":"8px","top":"8px","orientation":"horizontal","menu":{}},"chart":{"border":"1px #000000 none","background":"rgba(255, 255, 255,1)","animationDuration":1000,"type":"table"},"tooltip":{"triggerOn":"mousemove"},"grid":{"left":"10%","right":"10%","top":"60px","bottom":"60px","width":"auto","height":"auto"},"xAxis":[{"selected":[],"title":{"show":true,"text":"","subtext":"","rotate":0,"textStyle":{"color":"#000000","fontSize":12,"fontFamily":""},"subtextStyle":{"color":"#000000","fontSize":12,"fontFamily":""},"left":"50%","bottom":"5px"},"axisTick":{"show":true},"axisLine":{"onZero":false},"scale":true,"axisLabel":{"show":true,"rotate":0,"textStyle":{"color":"#000000","fontSize":12,"fontFamily":""}},"zlevel":1}],"yAxis":[{"selected":[],"title":{"show":true,"text":"","subtext":"","rotate":-90,"textStyle":{"color":"#000000","fontSize":12,"fontFamily":""},"subtextStyle":{"color":"#000000","fontSize":12,"fontFamily":""},"left":"8px","top":"50%"},"axisTick":{"show":true},"axisLine":{"onZero":false},"scale":true,"axisLabel":{"show":true,"rotate":0,"textStyle":{"color":"#000000","fontSize":12,"fontFamily":""}},"zlevel":1}],"colorBy":[{"selected":[]}],"legend":{"show":true,"orientation":"horizontal","left":"50%","right":"auto","top":"10px","bottom":"auto","textStyle":{"color":"#000000","fontSize":12,"fontFamily":"","fontStyle":"normal","fontWeight":"normal","fontDecoration":"none"}},"noDataMessage":"","plotOptions":{"table":{"formatter":[]},"map":{"geoData":{}}},"source":{"dataType":"lazy","lazyData":[]},"guide":{"message":"Set data options using Chart Setting Button."}},"dataSource":{"selectable":true},"style":{},"group":"49ssqzh9tcc4s8hud22at3z7"}],"layout":{"type":"panel","id":"default-1605830972869"}}],"full":[{"panel":[],"layout":{}}]},"out":{"partial":[{"panel":[],"layout":{}}],"full":[{"panel":[],"layout":{}}]}},"description":""},"meta":{"table":{"type":"table"},"model":{"type":"model"}},"context":"python","version":"3.6","inputs":{"table":"t8nj4cw6g65hyj32"},"outputs":{"model":"tp56zgpsah32najb"},"fid":"fx7s7ha4z7fwvpy7"},{"persist-mode":"auto","func":"brightics.function.transform$get_tabletable","name":"brightics.function.transform$get_table","context":"python","version":"3.6","param":{"key_list":["result_table"],"index_column":false,"index_column_name":"","group_only":false},"inputs":{"model":"tp56zgpsah32najb"},"outputs":{"table":"txv6ts98rz4vxdax"},"meta":{"model":{"type":"model"},"table":{"type":"table"}},"display":{"label":"Get Table","diagram":{"position":{"x":1020,"y":520}},"sheet":{"in":{"partial":[{"panel":[],"layout":{}}],"full":[{"panel":[],"layout":{}}]},"out":{"partial":[{"panel":[{"id":"default-1605831024584","chartOption":{"colorSet":["#FD026C","#4682B8","#A5D22D","#F5CC0A","#FE8C01","#6B9494","#B97C46","#84ACD0","#C2E173","#F9DD5B","#FE569D","#FEB356","#9CB8B8","#D0A884","#2E6072","#6D8C1E","#A48806","#A90148","#A95E01","#476363","#7B532F"],"title":{"show":true,"text":"","subtext":"","rotate":0,"textStyle":{"color":"#000000","fontSize":12,"fontFamily":""},"subtextStyle":{"color":"#000000","fontSize":12,"fontFamily":""},"left":"50%","top":"0px"},"toolbar":{"show":false,"right":"8px","top":"8px","orientation":"horizontal","menu":{}},"chart":{"border":"1px #000000 none","background":"rgba(255, 255, 255,1)","animationDuration":1000,"type":"table"},"tooltip":{"triggerOn":"mousemove"},"grid":{"left":"10%","right":"10%","top":"60px","bottom":"60px","width":"auto","height":"auto"},"xAxis":[{"selected":[],"title":{"show":true,"text":"","subtext":"","rotate":0,"textStyle":{"color":"#000000","fontSize":12,"fontFamily":""},"subtextStyle":{"color":"#000000","fontSize":12,"fontFamily":""},"left":"50%","bottom":"5px"},"axisTick":{"show":true},"axisLine":{"onZero":false},"scale":true,"axisLabel":{"show":true,"rotate":0,"textStyle":{"color":"#000000","fontSize":12,"fontFamily":""}},"zlevel":1}],"yAxis":[{"selected":[],"title":{"show":true,"text":"","subtext":"","rotate":-90,"textStyle":{"color":"#000000","fontSize":12,"fontFamily":""},"subtextStyle":{"color":"#000000","fontSize":12,"fontFamily":""},"left":"8px","top":"50%"},"axisTick":{"show":true},"axisLine":{"onZero":false},"scale":true,"axisLabel":{"show":true,"rotate":0,"textStyle":{"color":"#000000","fontSize":12,"fontFamily":""}},"zlevel":1}],"colorBy":[{"selected":[]}],"legend":{"show":true,"orientation":"horizontal","left":"50%","right":"auto","top":"10px","bottom":"auto","textStyle":{"color":"#000000","fontSize":12,"fontFamily":"","fontStyle":"normal","fontWeight":"normal","fontDecoration":"none"}},"noDataMessage":"","plotOptions":{"table":{"formatter":[]},"map":{"geoData":{}}},"source":{"dataType":"lazy","lazyData":[]},"guide":{"message":"Set data options using Chart Setting Button."}},"dataSource":{"selectable":true},"style":{},"group":"p6uw4p4tr72mixh3ciasevnv"}],"layout":{"type":"panel","id":"default-1605831024584"}}],"full":[{"panel":[],"layout":{}}]}}},"fid":"ft2ybwnfg7xqsgvw"},{"persist-mode":"auto","func":"simpleFilterPython","name":"brightics.function.manipulation$simple_filter","context":"python","version":"3.6","param":{"main_operator":"or","input_cols":["channel","channel","channel"],"operators":["==","==","=="],"operands":["'4'","'5'","'9'"]},"inputs":{"table":"t8nj4cw6g65hyj32"},"outputs":{"out_table":"tcw8u4zhcprsp5jw"},"meta":{"table":{"type":"table"},"out_table":{"type":"table"}},"display":{"label":"Q6: table1(414,440)","diagram":{"position":{"x":770,"y":620}},"sheet":{"in":{"partial":[{"panel":[{"id":"default-1605832467669","chartOption":{"colorSet":["#FD026C","#4682B8","#A5D22D","#F5CC0A","#FE8C01","#6B9494","#B97C46","#84ACD0","#C2E173","#F9DD5B","#FE569D","#FEB356","#9CB8B8","#D0A884","#2E6072","#6D8C1E","#A48806","#A90148","#A95E01","#476363","#7B532F"],"title":{"show":true,"text":"","subtext":"","rotate":0,"textStyle":{"color":"#000000","fontSize":12,"fontFamily":""},"subtextStyle":{"color":"#000000","fontSize":12,"fontFamily":""},"left":"50%","top":"0px"},"toolbar":{"show":false,"right":"8px","top":"8px","orientation":"horizontal","menu":{}},"chart":{"border":"1px #000000 none","background":"rgba(255, 255, 255,1)","animationDuration":1000,"type":"table"},"tooltip":{"triggerOn":"mousemove"},"grid":{"left":"10%","right":"10%","top":"60px","bottom":"60px","width":"auto","height":"auto"},"xAxis":[{"selected":[],"title":{"show":true,"text":"","subtext":"","rotate":0,"textStyle":{"color":"#000000","fontSize":12,"fontFamily":""},"subtextStyle":{"color":"#000000","fontSize":12,"fontFamily":""},"left":"50%","bottom":"5px"},"axisTick":{"show":true},"axisLine":{"onZero":false},"scale":true,"axisLabel":{"show":true,"rotate":0,"textStyle":{"color":"#000000","fontSize":12,"fontFamily":""}},"zlevel":1}],"yAxis":[{"selected":[],"title":{"show":true,"text":"","subtext":"","rotate":-90,"textStyle":{"color":"#000000","fontSize":12,"fontFamily":""},"subtextStyle":{"color":"#000000","fontSize":12,"fontFamily":""},"left":"8px","top":"50%"},"axisTick":{"show":true},"axisLine":{"onZero":false},"scale":true,"axisLabel":{"show":true,"rotate":0,"textStyle":{"color":"#000000","fontSize":12,"fontFamily":""}},"zlevel":1}],"colorBy":[{"selected":[]}],"legend":{"show":true,"orientation":"horizontal","left":"50%","right":"auto","top":"10px","bottom":"auto","textStyle":{"color":"#000000","fontSize":12,"fontFamily":"","fontStyle":"normal","fontWeight":"normal","fontDecoration":"none"}},"noDataMessage":"","plotOptions":{"table":{"formatter":[]},"map":{"geoData":{}}},"source":{"dataType":"lazy","lazyData":[]},"guide":{"message":"Set data options using Chart Setting Button."}},"dataSource":{"selectable":true},"style":{},"group":"pf23xpjeanifn9jewvdmyb9v"}],"layout":{"type":"panel","id":"default-1605832467669"}}],"full":[{"panel":[],"layout":{}}]},"out":{"partial":[{"panel":[{"id":"default-1605832467703","chartOption":{"colorSet":["#FD026C","#4682B8","#A5D22D","#F5CC0A","#FE8C01","#6B9494","#B97C46","#84ACD0","#C2E173","#F9DD5B","#FE569D","#FEB356","#9CB8B8","#D0A884","#2E6072","#6D8C1E","#A48806","#A90148","#A95E01","#476363","#7B532F"],"title":{"show":true,"text":"","subtext":"","rotate":0,"textStyle":{"color":"#000000","fontSize":12,"fontFamily":""},"subtextStyle":{"color":"#000000","fontSize":12,"fontFamily":""},"left":"50%","top":"0px"},"toolbar":{"show":false,"right":"8px","top":"8px","orientation":"horizontal","menu":{}},"chart":{"border":"1px #000000 none","background":"rgba(255, 255, 255,1)","animationDuration":1000,"type":"table"},"tooltip":{"triggerOn":"mousemove"},"grid":{"left":"10%","right":"10%","top":"60px","bottom":"60px","width":"auto","height":"auto"},"xAxis":[{"selected":[],"title":{"show":true,"text":"","subtext":"","rotate":0,"textStyle":{"color":"#000000","fontSize":12,"fontFamily":""},"subtextStyle":{"color":"#000000","fontSize":12,"fontFamily":""},"left":"50%","bottom":"5px"},"axisTick":{"show":true},"axisLine":{"onZero":false},"scale":true,"axisLabel":{"show":true,"rotate":0,"textStyle":{"color":"#000000","fontSize":12,"fontFamily":""}},"zlevel":1}],"yAxis":[{"selected":[],"title":{"show":true,"text":"","subtext":"","rotate":-90,"textStyle":{"color":"#000000","fontSize":12,"fontFamily":""},"subtextStyle":{"color":"#000000","fontSize":12,"fontFamily":""},"left":"8px","top":"50%"},"axisTick":{"show":true},"axisLine":{"onZero":false},"scale":true,"axisLabel":{"show":true,"rotate":0,"textStyle":{"color":"#000000","fontSize":12,"fontFamily":""}},"zlevel":1}],"colorBy":[{"selected":[]}],"legend":{"show":true,"orientation":"horizontal","left":"50%","right":"auto","top":"10px","bottom":"auto","textStyle":{"color":"#000000","fontSize":12,"fontFamily":"","fontStyle":"normal","fontWeight":"normal","fontDecoration":"none"}},"noDataMessage":"","plotOptions":{"table":{"formatter":[]},"map":{"geoData":{}}},"source":{"dataType":"lazy","lazyData":[]},"guide":{"message":"Set data options using Chart Setting Button."}},"dataSource":{"selectable":true},"style":{},"group":"pawts83cyezbwtmrt6d22nfq"}],"layout":{"type":"panel","id":"default-1605832467703"}}],"full":[{"panel":[],"layout":{}}]}},"description":""},"fid":"fu3fa3qp6ppze27w"},{"persist-mode":"auto","func":"simpleFilterPython","name":"brightics.function.manipulation$simple_filter","context":"python","version":"3.6","param":{"main_operator":"and","input_cols":["user_location_country"],"operators":["=="],"operands":["hotel_country"]},"inputs":{"table":"tcw8u4zhcprsp5jw"},"outputs":{"out_table":"t5ymjhzwqbag9bk5"},"meta":{"table":{"type":"table"},"out_table":{"type":"table"}},"display":{"label":"Q7: Filter","diagram":{"position":{"x":1020,"y":620}},"sheet":{"in":{"partial":[{"panel":[{"id":"default-1605832586055","chartOption":{"colorSet":["#FD026C","#4682B8","#A5D22D","#F5CC0A","#FE8C01","#6B9494","#B97C46","#84ACD0","#C2E173","#F9DD5B","#FE569D","#FEB356","#9CB8B8","#D0A884","#2E6072","#6D8C1E","#A48806","#A90148","#A95E01","#476363","#7B532F"],"title":{"show":true,"text":"","subtext":"","rotate":0,"textStyle":{"color":"#000000","fontSize":12,"fontFamily":""},"subtextStyle":{"color":"#000000","fontSize":12,"fontFamily":""},"left":"50%","top":"0px"},"toolbar":{"show":false,"right":"8px","top":"8px","orientation":"horizontal","menu":{}},"chart":{"border":"1px #000000 none","background":"rgba(255, 255, 255,1)","animationDuration":1000,"type":"table"},"tooltip":{"triggerOn":"mousemove"},"grid":{"left":"10%","right":"10%","top":"60px","bottom":"60px","width":"auto","height":"auto"},"xAxis":[{"selected":[],"title":{"show":true,"text":"","subtext":"","rotate":0,"textStyle":{"color":"#000000","fontSize":12,"fontFamily":""},"subtextStyle":{"color":"#000000","fontSize":12,"fontFamily":""},"left":"50%","bottom":"5px"},"axisTick":{"show":true},"axisLine":{"onZero":false},"scale":true,"axisLabel":{"show":true,"rotate":0,"textStyle":{"color":"#000000","fontSize":12,"fontFamily":""}},"zlevel":1}],"yAxis":[{"selected":[],"title":{"show":true,"text":"","subtext":"","rotate":-90,"textStyle":{"color":"#000000","fontSize":12,"fontFamily":""},"subtextStyle":{"color":"#000000","fontSize":12,"fontFamily":""},"left":"8px","top":"50%"},"axisTick":{"show":true},"axisLine":{"onZero":false},"scale":true,"axisLabel":{"show":true,"rotate":0,"textStyle":{"color":"#000000","fontSize":12,"fontFamily":""}},"zlevel":1}],"colorBy":[{"selected":[]}],"legend":{"show":true,"orientation":"horizontal","left":"50%","right":"auto","top":"10px","bottom":"auto","textStyle":{"color":"#000000","fontSize":12,"fontFamily":"","fontStyle":"normal","fontWeight":"normal","fontDecoration":"none"}},"noDataMessage":"","plotOptions":{"table":{"formatter":[]},"map":{"geoData":{}}},"source":{"dataType":"lazy","lazyData":[]},"guide":{"message":"Set data options using Chart Setting Button."}},"dataSource":{"selectable":true},"style":{},"group":"nk6zs7u6jhuqsngmqthwecfr"}],"layout":{"type":"panel","id":"default-1605832586055"}}],"full":[{"panel":[],"layout":{}}]},"out":{"partial":[{"panel":[{"id":"default-1605832586086","chartOption":{"colorSet":["#FD026C","#4682B8","#A5D22D","#F5CC0A","#FE8C01","#6B9494","#B97C46","#84ACD0","#C2E173","#F9DD5B","#FE569D","#FEB356","#9CB8B8","#D0A884","#2E6072","#6D8C1E","#A48806","#A90148","#A95E01","#476363","#7B532F"],"title":{"show":true,"text":"","subtext":"","rotate":0,"textStyle":{"color":"#000000","fontSize":12,"fontFamily":""},"subtextStyle":{"color":"#000000","fontSize":12,"fontFamily":""},"left":"50%","top":"0px"},"toolbar":{"show":false,"right":"8px","top":"8px","orientation":"horizontal","menu":{}},"chart":{"border":"1px #000000 none","background":"rgba(255, 255, 255,1)","animationDuration":1000,"type":"table"},"tooltip":{"triggerOn":"mousemove"},"grid":{"left":"10%","right":"10%","top":"60px","bottom":"60px","width":"auto","height":"auto"},"xAxis":[{"selected":[],"title":{"show":true,"text":"","subtext":"","rotate":0,"textStyle":{"color":"#000000","fontSize":12,"fontFamily":""},"subtextStyle":{"color":"#000000","fontSize":12,"fontFamily":""},"left":"50%","bottom":"5px"},"axisTick":{"show":true},"axisLine":{"onZero":false},"scale":true,"axisLabel":{"show":true,"rotate":0,"textStyle":{"color":"#000000","fontSize":12,"fontFamily":""}},"zlevel":1}],"yAxis":[{"selected":[],"title":{"show":true,"text":"","subtext":"","rotate":-90,"textStyle":{"color":"#000000","fontSize":12,"fontFamily":""},"subtextStyle":{"color":"#000000","fontSize":12,"fontFamily":""},"left":"8px","top":"50%"},"axisTick":{"show":true},"axisLine":{"onZero":false},"scale":true,"axisLabel":{"show":true,"rotate":0,"textStyle":{"color":"#000000","fontSize":12,"fontFamily":""}},"zlevel":1}],"colorBy":[{"selected":[]}],"legend":{"show":true,"orientation":"horizontal","left":"50%","right":"auto","top":"10px","bottom":"auto","textStyle":{"color":"#000000","fontSize":12,"fontFamily":"","fontStyle":"normal","fontWeight":"normal","fontDecoration":"none"}},"noDataMessage":"","plotOptions":{"table":{"formatter":[]},"map":{"geoData":{}}},"source":{"dataType":"lazy","lazyData":[]},"guide":{"message":"Set data options using Chart Setting Button."}},"dataSource":{"selectable":true},"style":{},"group":"66n9n27w4xuptzieqa2q4en4"}],"layout":{"type":"panel","id":"default-1605832586086"}}],"full":[{"panel":[],"layout":{}}]}},"description":""},"fid":"f4bz94dhp9hbdr8x"},{"persist-mode":"auto","func":"addColumnPython","name":"brightics.function.extraction$add_expression_column","context":"python","version":"3.6","param":{"expr_type":"sqlite","new_cols":["date_diff"],"formulas":["julianday(srch_ci) - julianday(date_time)"]},"inputs":{"table":"tcw8u4zhcprsp5jw"},"outputs":{"out_table":"tu5u5kz3fxcjkztm"},"meta":{"table":{"type":"table"},"out_table":{"type":"table"}},"display":{"label":"Q8: Add Function Column","diagram":{"position":{"x":1020,"y":720}},"sheet":{"in":{"partial":[{"panel":[{"id":"default-1605832704251","chartOption":{"colorSet":["#FD026C","#4682B8","#A5D22D","#F5CC0A","#FE8C01","#6B9494","#B97C46","#84ACD0","#C2E173","#F9DD5B","#FE569D","#FEB356","#9CB8B8","#D0A884","#2E6072","#6D8C1E","#A48806","#A90148","#A95E01","#476363","#7B532F"],"title":{"show":true,"text":"","subtext":"","rotate":0,"textStyle":{"color":"#000000","fontSize":12,"fontFamily":""},"subtextStyle":{"color":"#000000","fontSize":12,"fontFamily":""},"left":"50%","top":"0px"},"toolbar":{"show":false,"right":"8px","top":"8px","orientation":"horizontal","menu":{}},"chart":{"border":"1px #000000 none","background":"rgba(255, 255, 255,1)","animationDuration":1000,"type":"table"},"tooltip":{"triggerOn":"mousemove"},"grid":{"left":"10%","right":"10%","top":"60px","bottom":"60px","width":"auto","height":"auto"},"xAxis":[{"selected":[],"title":{"show":true,"text":"","subtext":"","rotate":0,"textStyle":{"color":"#000000","fontSize":12,"fontFamily":""},"subtextStyle":{"color":"#000000","fontSize":12,"fontFamily":""},"left":"50%","bottom":"5px"},"axisTick":{"show":true},"axisLine":{"onZero":false},"scale":true,"axisLabel":{"show":true,"rotate":0,"textStyle":{"color":"#000000","fontSize":12,"fontFamily":""}},"zlevel":1}],"yAxis":[{"selected":[],"title":{"show":true,"text":"","subtext":"","rotate":-90,"textStyle":{"color":"#000000","fontSize":12,"fontFamily":""},"subtextStyle":{"color":"#000000","fontSize":12,"fontFamily":""},"left":"8px","top":"50%"},"axisTick":{"show":true},"axisLine":{"onZero":false},"scale":true,"axisLabel":{"show":true,"rotate":0,"textStyle":{"color":"#000000","fontSize":12,"fontFamily":""}},"zlevel":1}],"colorBy":[{"selected":[]}],"legend":{"show":true,"orientation":"horizontal","left":"50%","right":"auto","top":"10px","bottom":"auto","textStyle":{"color":"#000000","fontSize":12,"fontFamily":"","fontStyle":"normal","fontWeight":"normal","fontDecoration":"none"}},"noDataMessage":"","plotOptions":{"table":{"formatter":[]},"map":{"geoData":{}}},"source":{"dataType":"lazy","lazyData":[]},"guide":{"message":"Set data options using Chart Setting Button."}},"dataSource":{"selectable":true},"style":{},"group":"mqhejyxyek6wb32ret4h4i8p"}],"layout":{"type":"panel","id":"default-1605832704251"}}],"full":[{"panel":[],"layout":{}}]},"out":{"partial":[{"panel":[{"id":"default-1605832704287","chartOption":{"colorSet":["#FD026C","#4682B8","#A5D22D","#F5CC0A","#FE8C01","#6B9494","#B97C46","#84ACD0","#C2E173","#F9DD5B","#FE569D","#FEB356","#9CB8B8","#D0A884","#2E6072","#6D8C1E","#A48806","#A90148","#A95E01","#476363","#7B532F"],"title":{"show":true,"text":"","subtext":"","rotate":0,"textStyle":{"color":"#000000","fontSize":12,"fontFamily":""},"subtextStyle":{"color":"#000000","fontSize":12,"fontFamily":""},"left":"50%","top":"0px"},"toolbar":{"show":false,"right":"8px","top":"8px","orientation":"horizontal","menu":{}},"chart":{"border":"1px #000000 none","background":"rgba(255, 255, 255,1)","animationDuration":1000,"type":"table"},"tooltip":{"triggerOn":"mousemove"},"grid":{"left":"10%","right":"10%","top":"60px","bottom":"60px","width":"auto","height":"auto"},"xAxis":[{"selected":[],"title":{"show":true,"text":"","subtext":"","rotate":0,"textStyle":{"color":"#000000","fontSize":12,"fontFamily":""},"subtextStyle":{"color":"#000000","fontSize":12,"fontFamily":""},"left":"50%","bottom":"5px"},"axisTick":{"show":true},"axisLine":{"onZero":false},"scale":true,"axisLabel":{"show":true,"rotate":0,"textStyle":{"color":"#000000","fontSize":12,"fontFamily":""}},"zlevel":1}],"yAxis":[{"selected":[],"title":{"show":true,"text":"","subtext":"","rotate":-90,"textStyle":{"color":"#000000","fontSize":12,"fontFamily":""},"subtextStyle":{"color":"#000000","fontSize":12,"fontFamily":""},"left":"8px","top":"50%"},"axisTick":{"show":true},"axisLine":{"onZero":false},"scale":true,"axisLabel":{"show":true,"rotate":0,"textStyle":{"color":"#000000","fontSize":12,"fontFamily":""}},"zlevel":1}],"colorBy":[{"selected":[]}],"legend":{"show":true,"orientation":"horizontal","left":"50%","right":"auto","top":"10px","bottom":"auto","textStyle":{"color":"#000000","fontSize":12,"fontFamily":"","fontStyle":"normal","fontWeight":"normal","fontDecoration":"none"}},"noDataMessage":"","plotOptions":{"table":{"formatter":[]},"map":{"geoData":{}}},"source":{"dataType":"lazy","lazyData":[]},"guide":{"message":"Set data options using Chart Setting Button."}},"dataSource":{"selectable":true},"style":{},"group":"wvwxscp57p3cebi4wacfacet"}],"layout":{"type":"panel","id":"default-1605832704287"}}],"full":[{"panel":[],"layout":{}}]}},"description":""},"fid":"fbzg8ayrequx49vt"},{"persist-mode":"auto","func":"simpleFilterPython","name":"brightics.function.manipulation$simple_filter","context":"python","version":"3.6","param":{"main_operator":"and","input_cols":["date_diff"],"operators":["<"],"operands":["0"]},"inputs":{"table":"tu5u5kz3fxcjkztm"},"outputs":{"out_table":"tbqvq3quywpzw2np"},"meta":{"table":{"type":"table"},"out_table":{"type":"table"}},"display":{"label":"Filter","diagram":{"position":{"x":1270,"y":820}},"sheet":{"in":{"partial":[{"panel":[{"id":"default-1605832940094","chartOption":{"colorSet":["#FD026C","#4682B8","#A5D22D","#F5CC0A","#FE8C01","#6B9494","#B97C46","#84ACD0","#C2E173","#F9DD5B","#FE569D","#FEB356","#9CB8B8","#D0A884","#2E6072","#6D8C1E","#A48806","#A90148","#A95E01","#476363","#7B532F"],"title":{"show":true,"text":"","subtext":"","rotate":0,"textStyle":{"color":"#000000","fontSize":12,"fontFamily":""},"subtextStyle":{"color":"#000000","fontSize":12,"fontFamily":""},"left":"50%","top":"0px"},"toolbar":{"show":false,"right":"8px","top":"8px","orientation":"horizontal","menu":{}},"chart":{"border":"1px #000000 none","background":"rgba(255, 255, 255,1)","animationDuration":1000,"type":"table"},"tooltip":{"triggerOn":"mousemove"},"grid":{"left":"10%","right":"10%","top":"60px","bottom":"60px","width":"auto","height":"auto"},"xAxis":[{"selected":[],"title":{"show":true,"text":"","subtext":"","rotate":0,"textStyle":{"color":"#000000","fontSize":12,"fontFamily":""},"subtextStyle":{"color":"#000000","fontSize":12,"fontFamily":""},"left":"50%","bottom":"5px"},"axisTick":{"show":true},"axisLine":{"onZero":false},"scale":true,"axisLabel":{"show":true,"rotate":0,"textStyle":{"color":"#000000","fontSize":12,"fontFamily":""}},"zlevel":1}],"yAxis":[{"selected":[],"title":{"show":true,"text":"","subtext":"","rotate":-90,"textStyle":{"color":"#000000","fontSize":12,"fontFamily":""},"subtextStyle":{"color":"#000000","fontSize":12,"fontFamily":""},"left":"8px","top":"50%"},"axisTick":{"show":true},"axisLine":{"onZero":false},"scale":true,"axisLabel":{"show":true,"rotate":0,"textStyle":{"color":"#000000","fontSize":12,"fontFamily":""}},"zlevel":1}],"colorBy":[{"selected":[]}],"legend":{"show":true,"orientation":"horizontal","left":"50%","right":"auto","top":"10px","bottom":"auto","textStyle":{"color":"#000000","fontSize":12,"fontFamily":"","fontStyle":"normal","fontWeight":"normal","fontDecoration":"none"}},"noDataMessage":"","plotOptions":{"table":{"formatter":[]},"map":{"geoData":{}}},"source":{"dataType":"lazy","lazyData":[]},"guide":{"message":"Set data options using Chart Setting Button."}},"dataSource":{"selectable":true},"style":{},"group":"6decmfkc488ratnushrpw4ht"}],"layout":{"type":"panel","id":"default-1605832940094"}}],"full":[{"panel":[],"layout":{}}]},"out":{"partial":[{"panel":[{"id":"default-1605832940130","chartOption":{"colorSet":["#FD026C","#4682B8","#A5D22D","#F5CC0A","#FE8C01","#6B9494","#B97C46","#84ACD0","#C2E173","#F9DD5B","#FE569D","#FEB356","#9CB8B8","#D0A884","#2E6072","#6D8C1E","#A48806","#A90148","#A95E01","#476363","#7B532F"],"title":{"show":true,"text":"","subtext":"","rotate":0,"textStyle":{"color":"#000000","fontSize":12,"fontFamily":""},"subtextStyle":{"color":"#000000","fontSize":12,"fontFamily":""},"left":"50%","top":"0px"},"toolbar":{"show":false,"right":"8px","top":"8px","orientation":"horizontal","menu":{}},"chart":{"border":"1px #000000 none","background":"rgba(255, 255, 255,1)","animationDuration":1000,"type":"table"},"tooltip":{"triggerOn":"mousemove"},"grid":{"left":"10%","right":"10%","top":"60px","bottom":"60px","width":"auto","height":"auto"},"xAxis":[{"selected":[],"title":{"show":true,"text":"","subtext":"","rotate":0,"textStyle":{"color":"#000000","fontSize":12,"fontFamily":""},"subtextStyle":{"color":"#000000","fontSize":12,"fontFamily":""},"left":"50%","bottom":"5px"},"axisTick":{"show":true},"axisLine":{"onZero":false},"scale":true,"axisLabel":{"show":true,"rotate":0,"textStyle":{"color":"#000000","fontSize":12,"fontFamily":""}},"zlevel":1}],"yAxis":[{"selected":[],"title":{"show":true,"text":"","subtext":"","rotate":-90,"textStyle":{"color":"#000000","fontSize":12,"fontFamily":""},"subtextStyle":{"color":"#000000","fontSize":12,"fontFamily":""},"left":"8px","top":"50%"},"axisTick":{"show":true},"axisLine":{"onZero":false},"scale":true,"axisLabel":{"show":true,"rotate":0,"textStyle":{"color":"#000000","fontSize":12,"fontFamily":""}},"zlevel":1}],"colorBy":[{"selected":[]}],"legend":{"show":true,"orientation":"horizontal","left":"50%","right":"auto","top":"10px","bottom":"auto","textStyle":{"color":"#000000","fontSize":12,"fontFamily":"","fontStyle":"normal","fontWeight":"normal","fontDecoration":"none"}},"noDataMessage":"","plotOptions":{"table":{"formatter":[]},"map":{"geoData":{}}},"source":{"dataType":"lazy","lazyData":[]},"guide":{"message":"Set data options using Chart Setting Button."}},"dataSource":{"selectable":true},"style":{},"group":"hcrdacnimsea3zqkbx9uagae"}],"layout":{"type":"panel","id":"default-1605832940130"}}],"full":[{"panel":[],"layout":{}}]}}},"fid":"fb4728jvnqp4xxtb"},{"persist-mode":"auto","func":"simpleFilterPython","name":"brightics.function.manipulation$simple_filter","context":"python","version":"3.6","param":{"main_operator":"and","input_cols":["date_diff"],"operators":[">="],"operands":["0"]},"inputs":{"table":"tu5u5kz3fxcjkztm"},"outputs":{"out_table":"tc68rjt28jprjqf6"},"meta":{"table":{"type":"table"},"out_table":{"type":"table"}},"display":{"label":"Q9: table2(414,370)","diagram":{"position":{"x":1270,"y":720}},"sheet":{"in":{"partial":[{"panel":[{"id":"default-1605832986337","chartOption":{"colorSet":["#FD026C","#4682B8","#A5D22D","#F5CC0A","#FE8C01","#6B9494","#B97C46","#84ACD0","#C2E173","#F9DD5B","#FE569D","#FEB356","#9CB8B8","#D0A884","#2E6072","#6D8C1E","#A48806","#A90148","#A95E01","#476363","#7B532F"],"title":{"show":true,"text":"","subtext":"","rotate":0,"textStyle":{"color":"#000000","fontSize":12,"fontFamily":""},"subtextStyle":{"color":"#000000","fontSize":12,"fontFamily":""},"left":"50%","top":"0px"},"toolbar":{"show":false,"right":"8px","top":"8px","orientation":"horizontal","menu":{}},"chart":{"border":"1px #000000 none","background":"rgba(255, 255, 255,1)","animationDuration":1000,"type":"table"},"tooltip":{"triggerOn":"mousemove"},"grid":{"left":"10%","right":"10%","top":"60px","bottom":"60px","width":"auto","height":"auto"},"xAxis":[{"selected":[],"title":{"show":true,"text":"","subtext":"","rotate":0,"textStyle":{"color":"#000000","fontSize":12,"fontFamily":""},"subtextStyle":{"color":"#000000","fontSize":12,"fontFamily":""},"left":"50%","bottom":"5px"},"axisTick":{"show":true},"axisLine":{"onZero":false},"scale":true,"axisLabel":{"show":true,"rotate":0,"textStyle":{"color":"#000000","fontSize":12,"fontFamily":""}},"zlevel":1}],"yAxis":[{"selected":[],"title":{"show":true,"text":"","subtext":"","rotate":-90,"textStyle":{"color":"#000000","fontSize":12,"fontFamily":""},"subtextStyle":{"color":"#000000","fontSize":12,"fontFamily":""},"left":"8px","top":"50%"},"axisTick":{"show":true},"axisLine":{"onZero":false},"scale":true,"axisLabel":{"show":true,"rotate":0,"textStyle":{"color":"#000000","fontSize":12,"fontFamily":""}},"zlevel":1}],"colorBy":[{"selected":[]}],"legend":{"show":true,"orientation":"horizontal","left":"50%","right":"auto","top":"10px","bottom":"auto","textStyle":{"color":"#000000","fontSize":12,"fontFamily":"","fontStyle":"normal","fontWeight":"normal","fontDecoration":"none"}},"noDataMessage":"","plotOptions":{"table":{"formatter":[]},"map":{"geoData":{}}},"source":{"dataType":"lazy","lazyData":[]},"guide":{"message":"Set data options using Chart Setting Button."}},"dataSource":{"selectable":true},"style":{},"group":"24546gg8j5rr29ekcr3vvk53"}],"layout":{"type":"panel","id":"default-1605832986337"}}],"full":[{"panel":[],"layout":{}}]},"out":{"partial":[{"panel":[{"id":"default-1605832986374","chartOption":{"colorSet":["#FD026C","#4682B8","#A5D22D","#F5CC0A","#FE8C01","#6B9494","#B97C46","#84ACD0","#C2E173","#F9DD5B","#FE569D","#FEB356","#9CB8B8","#D0A884","#2E6072","#6D8C1E","#A48806","#A90148","#A95E01","#476363","#7B532F"],"title":{"show":true,"text":"","subtext":"","rotate":0,"textStyle":{"color":"#000000","fontSize":12,"fontFamily":""},"subtextStyle":{"color":"#000000","fontSize":12,"fontFamily":""},"left":"50%","top":"0px"},"toolbar":{"show":false,"right":"8px","top":"8px","orientation":"horizontal","menu":{}},"chart":{"border":"1px #000000 none","background":"rgba(255, 255, 255,1)","animationDuration":1000,"type":"table"},"tooltip":{"triggerOn":"mousemove"},"grid":{"left":"10%","right":"10%","top":"60px","bottom":"60px","width":"auto","height":"auto"},"xAxis":[{"selected":[],"title":{"show":true,"text":"","subtext":"","rotate":0,"textStyle":{"color":"#000000","fontSize":12,"fontFamily":""},"subtextStyle":{"color":"#000000","fontSize":12,"fontFamily":""},"left":"50%","bottom":"5px"},"axisTick":{"show":true},"axisLine":{"onZero":false},"scale":true,"axisLabel":{"show":true,"rotate":0,"textStyle":{"color":"#000000","fontSize":12,"fontFamily":""}},"zlevel":1}],"yAxis":[{"selected":[],"title":{"show":true,"text":"","subtext":"","rotate":-90,"textStyle":{"color":"#000000","fontSize":12,"fontFamily":""},"subtextStyle":{"color":"#000000","fontSize":12,"fontFamily":""},"left":"8px","top":"50%"},"axisTick":{"show":true},"axisLine":{"onZero":false},"scale":true,"axisLabel":{"show":true,"rotate":0,"textStyle":{"color":"#000000","fontSize":12,"fontFamily":""}},"zlevel":1}],"colorBy":[{"selected":[]}],"legend":{"show":true,"orientation":"horizontal","left":"50%","right":"auto","top":"10px","bottom":"auto","textStyle":{"color":"#000000","fontSize":12,"fontFamily":"","fontStyle":"normal","fontWeight":"normal","fontDecoration":"none"}},"noDataMessage":"","plotOptions":{"table":{"formatter":[]},"map":{"geoData":{}}},"source":{"dataType":"lazy","lazyData":[]},"guide":{"message":"Set data options using Chart Setting Button."}},"dataSource":{"selectable":true},"style":{},"group":"5f89big4cvbtpbm6ysjyw7wh"}],"layout":{"type":"panel","id":"default-1605832986374"}}],"full":[{"panel":[],"layout":{}}]}},"description":""},"fid":"feq59d83cjysn7we"},{"persist-mode":"auto","func":"addColumnPython","name":"brightics.function.extraction$add_expression_column","context":"python","version":"3.6","param":{"expr_type":"sqlite","new_cols":["date_diff"],"formulas":["strftime('%J', srch_ci) - strftime('%J', date_time)"]},"inputs":{"table":"tcw8u4zhcprsp5jw"},"outputs":{"out_table":"t7944fmpdm7a4sxj"},"meta":{"table":{"type":"table"},"out_table":{"type":"table"}},"display":{"label":"Q8: Add Function Column","diagram":{"position":{"x":1020,"y":820}},"sheet":{"in":{"partial":[{"panel":[{"id":"default-1605832704251","chartOption":{"colorSet":["#FD026C","#4682B8","#A5D22D","#F5CC0A","#FE8C01","#6B9494","#B97C46","#84ACD0","#C2E173","#F9DD5B","#FE569D","#FEB356","#9CB8B8","#D0A884","#2E6072","#6D8C1E","#A48806","#A90148","#A95E01","#476363","#7B532F"],"title":{"show":true,"text":"","subtext":"","rotate":0,"textStyle":{"color":"#000000","fontSize":12,"fontFamily":""},"subtextStyle":{"color":"#000000","fontSize":12,"fontFamily":""},"left":"50%","top":"0px"},"toolbar":{"show":false,"right":"8px","top":"8px","orientation":"horizontal","menu":{}},"chart":{"border":"1px #000000 none","background":"rgba(255, 255, 255,1)","animationDuration":1000,"type":"table"},"tooltip":{"triggerOn":"mousemove"},"grid":{"left":"10%","right":"10%","top":"60px","bottom":"60px","width":"auto","height":"auto"},"xAxis":[{"selected":[],"title":{"show":true,"text":"","subtext":"","rotate":0,"textStyle":{"color":"#000000","fontSize":12,"fontFamily":""},"subtextStyle":{"color":"#000000","fontSize":12,"fontFamily":""},"left":"50%","bottom":"5px"},"axisTick":{"show":true},"axisLine":{"onZero":false},"scale":true,"axisLabel":{"show":true,"rotate":0,"textStyle":{"color":"#000000","fontSize":12,"fontFamily":""}},"zlevel":1}],"yAxis":[{"selected":[],"title":{"show":true,"text":"","subtext":"","rotate":-90,"textStyle":{"color":"#000000","fontSize":12,"fontFamily":""},"subtextStyle":{"color":"#000000","fontSize":12,"fontFamily":""},"left":"8px","top":"50%"},"axisTick":{"show":true},"axisLine":{"onZero":false},"scale":true,"axisLabel":{"show":true,"rotate":0,"textStyle":{"color":"#000000","fontSize":12,"fontFamily":""}},"zlevel":1}],"colorBy":[{"selected":[]}],"legend":{"show":true,"orientation":"horizontal","left":"50%","right":"auto","top":"10px","bottom":"auto","textStyle":{"color":"#000000","fontSize":12,"fontFamily":"","fontStyle":"normal","fontWeight":"normal","fontDecoration":"none"}},"noDataMessage":"","plotOptions":{"table":{"formatter":[]},"map":{"geoData":{}}},"source":{"dataType":"lazy","lazyData":[]},"guide":{"message":"Set data options using Chart Setting Button."}},"dataSource":{"selectable":true},"style":{},"group":"mqhejyxyek6wb32ret4h4i8p"}],"layout":{"type":"panel","id":"default-1605832704251"}}],"full":[{"panel":[],"layout":{}}]},"out":{"partial":[{"panel":[{"id":"default-1605832704287","chartOption":{"colorSet":["#FD026C","#4682B8","#A5D22D","#F5CC0A","#FE8C01","#6B9494","#B97C46","#84ACD0","#C2E173","#F9DD5B","#FE569D","#FEB356","#9CB8B8","#D0A884","#2E6072","#6D8C1E","#A48806","#A90148","#A95E01","#476363","#7B532F"],"title":{"show":true,"text":"","subtext":"","rotate":0,"textStyle":{"color":"#000000","fontSize":12,"fontFamily":""},"subtextStyle":{"color":"#000000","fontSize":12,"fontFamily":""},"left":"50%","top":"0px"},"toolbar":{"show":false,"right":"8px","top":"8px","orientation":"horizontal","menu":{}},"chart":{"border":"1px #000000 none","background":"rgba(255, 255, 255,1)","animationDuration":1000,"type":"table"},"tooltip":{"triggerOn":"mousemove"},"grid":{"left":"10%","right":"10%","top":"60px","bottom":"60px","width":"auto","height":"auto"},"xAxis":[{"selected":[],"title":{"show":true,"text":"","subtext":"","rotate":0,"textStyle":{"color":"#000000","fontSize":12,"fontFamily":""},"subtextStyle":{"color":"#000000","fontSize":12,"fontFamily":""},"left":"50%","bottom":"5px"},"axisTick":{"show":true},"axisLine":{"onZero":false},"scale":true,"axisLabel":{"show":true,"rotate":0,"textStyle":{"color":"#000000","fontSize":12,"fontFamily":""}},"zlevel":1}],"yAxis":[{"selected":[],"title":{"show":true,"text":"","subtext":"","rotate":-90,"textStyle":{"color":"#000000","fontSize":12,"fontFamily":""},"subtextStyle":{"color":"#000000","fontSize":12,"fontFamily":""},"left":"8px","top":"50%"},"axisTick":{"show":true},"axisLine":{"onZero":false},"scale":true,"axisLabel":{"show":true,"rotate":0,"textStyle":{"color":"#000000","fontSize":12,"fontFamily":""}},"zlevel":1}],"colorBy":[{"selected":[]}],"legend":{"show":true,"orientation":"horizontal","left":"50%","right":"auto","top":"10px","bottom":"auto","textStyle":{"color":"#000000","fontSize":12,"fontFamily":"","fontStyle":"normal","fontWeight":"normal","fontDecoration":"none"}},"noDataMessage":"","plotOptions":{"table":{"formatter":[]},"map":{"geoData":{}}},"source":{"dataType":"lazy","lazyData":[]},"guide":{"message":"Set data options using Chart Setting Button."}},"dataSource":{"selectable":true},"style":{},"group":"wvwxscp57p3cebi4wacfacet"}],"layout":{"type":"panel","id":"default-1605832704287"}}],"full":[{"panel":[],"layout":{}}]}},"description":""},"fid":"fyfxq4btqthutsa2"},{"persist-mode":"auto","func":"addColumnPython","name":"brightics.function.extraction$add_expression_column","context":"python","version":"3.6","param":{"expr_type":"sqlite","new_cols":["nights"],"formulas":["julianday(srch_co) - julianday(srch_ci)"]},"inputs":{"table":"tc68rjt28jprjqf6"},"outputs":{"out_table":"t9fj7ff8q7qkmhuq"},"meta":{"table":{"type":"table"},"out_table":{"type":"table"}},"display":{"label":"Q10: Add Function Column","diagram":{"position":{"x":1520,"y":720}},"sheet":{"in":{"partial":[{"panel":[{"id":"default-1605832704251","chartOption":{"colorSet":["#FD026C","#4682B8","#A5D22D","#F5CC0A","#FE8C01","#6B9494","#B97C46","#84ACD0","#C2E173","#F9DD5B","#FE569D","#FEB356","#9CB8B8","#D0A884","#2E6072","#6D8C1E","#A48806","#A90148","#A95E01","#476363","#7B532F"],"title":{"show":true,"text":"","subtext":"","rotate":0,"textStyle":{"color":"#000000","fontSize":12,"fontFamily":""},"subtextStyle":{"color":"#000000","fontSize":12,"fontFamily":""},"left":"50%","top":"0px"},"toolbar":{"show":false,"right":"8px","top":"8px","orientation":"horizontal","menu":{}},"chart":{"border":"1px #000000 none","background":"rgba(255, 255, 255,1)","animationDuration":1000,"type":"table"},"tooltip":{"triggerOn":"mousemove"},"grid":{"left":"10%","right":"10%","top":"60px","bottom":"60px","width":"auto","height":"auto"},"xAxis":[{"selected":[],"title":{"show":true,"text":"","subtext":"","rotate":0,"textStyle":{"color":"#000000","fontSize":12,"fontFamily":""},"subtextStyle":{"color":"#000000","fontSize":12,"fontFamily":""},"left":"50%","bottom":"5px"},"axisTick":{"show":true},"axisLine":{"onZero":false},"scale":true,"axisLabel":{"show":true,"rotate":0,"textStyle":{"color":"#000000","fontSize":12,"fontFamily":""}},"zlevel":1}],"yAxis":[{"selected":[],"title":{"show":true,"text":"","subtext":"","rotate":-90,"textStyle":{"color":"#000000","fontSize":12,"fontFamily":""},"subtextStyle":{"color":"#000000","fontSize":12,"fontFamily":""},"left":"8px","top":"50%"},"axisTick":{"show":true},"axisLine":{"onZero":false},"scale":true,"axisLabel":{"show":true,"rotate":0,"textStyle":{"color":"#000000","fontSize":12,"fontFamily":""}},"zlevel":1}],"colorBy":[{"selected":[]}],"legend":{"show":true,"orientation":"horizontal","left":"50%","right":"auto","top":"10px","bottom":"auto","textStyle":{"color":"#000000","fontSize":12,"fontFamily":"","fontStyle":"normal","fontWeight":"normal","fontDecoration":"none"}},"noDataMessage":"","plotOptions":{"table":{"formatter":[]},"map":{"geoData":{}}},"source":{"dataType":"lazy","lazyData":[]},"guide":{"message":"Set data options using Chart Setting Button."}},"dataSource":{"selectable":true},"style":{},"group":"mqhejyxyek6wb32ret4h4i8p"}],"layout":{"type":"panel","id":"default-1605832704251"}}],"full":[{"panel":[],"layout":{}}]},"out":{"partial":[{"panel":[{"id":"default-1605832704287","chartOption":{"colorSet":["#FD026C","#4682B8","#A5D22D","#F5CC0A","#FE8C01","#6B9494","#B97C46","#84ACD0","#C2E173","#F9DD5B","#FE569D","#FEB356","#9CB8B8","#D0A884","#2E6072","#6D8C1E","#A48806","#A90148","#A95E01","#476363","#7B532F"],"title":{"show":true,"text":"","subtext":"","rotate":0,"textStyle":{"color":"#000000","fontSize":12,"fontFamily":""},"subtextStyle":{"color":"#000000","fontSize":12,"fontFamily":""},"left":"50%","top":"0px"},"toolbar":{"show":false,"right":"8px","top":"8px","orientation":"horizontal","menu":{}},"chart":{"border":"1px #000000 none","background":"rgba(255, 255, 255,1)","animationDuration":1000,"type":"table"},"tooltip":{"triggerOn":"mousemove"},"grid":{"left":"10%","right":"10%","top":"60px","bottom":"60px","width":"auto","height":"auto"},"xAxis":[{"selected":[],"title":{"show":true,"text":"","subtext":"","rotate":0,"textStyle":{"color":"#000000","fontSize":12,"fontFamily":""},"subtextStyle":{"color":"#000000","fontSize":12,"fontFamily":""},"left":"50%","bottom":"5px"},"axisTick":{"show":true},"axisLine":{"onZero":false},"scale":true,"axisLabel":{"show":true,"rotate":0,"textStyle":{"color":"#000000","fontSize":12,"fontFamily":""}},"zlevel":1}],"yAxis":[{"selected":[],"title":{"show":true,"text":"","subtext":"","rotate":-90,"textStyle":{"color":"#000000","fontSize":12,"fontFamily":""},"subtextStyle":{"color":"#000000","fontSize":12,"fontFamily":""},"left":"8px","top":"50%"},"axisTick":{"show":true},"axisLine":{"onZero":false},"scale":true,"axisLabel":{"show":true,"rotate":0,"textStyle":{"color":"#000000","fontSize":12,"fontFamily":""}},"zlevel":1}],"colorBy":[{"selected":[]}],"legend":{"show":true,"orientation":"horizontal","left":"50%","right":"auto","top":"10px","bottom":"auto","textStyle":{"color":"#000000","fontSize":12,"fontFamily":"","fontStyle":"normal","fontWeight":"normal","fontDecoration":"none"}},"noDataMessage":"","plotOptions":{"table":{"formatter":[]},"map":{"geoData":{}}},"source":{"dataType":"lazy","lazyData":[]},"guide":{"message":"Set data options using Chart Setting Button."}},"dataSource":{"selectable":true},"style":{},"group":"wvwxscp57p3cebi4wacfacet"}],"layout":{"type":"panel","id":"default-1605832704287"}}],"full":[{"panel":[],"layout":{}}]}},"description":""},"fid":"fs6kubb8ghpf8vba"},{"persist-mode":"auto","func":"brightics.function.statistics$correlation88763","name":"brightics.function.statistics$correlation","param":{"method":"pearson","display_plt":true,"vars":["nights","date_diff","orig_destination_distance"]},"display":{"label":"Q11: Correlation","diagram":{"position":{"x":1770,"y":720}},"sheet":{"in":{"partial":[{"panel":[{"id":"default-1605833373576","chartOption":{"colorSet":["#FD026C","#4682B8","#A5D22D","#F5CC0A","#FE8C01","#6B9494","#B97C46","#84ACD0","#C2E173","#F9DD5B","#FE569D","#FEB356","#9CB8B8","#D0A884","#2E6072","#6D8C1E","#A48806","#A90148","#A95E01","#476363","#7B532F"],"title":{"show":true,"text":"","subtext":"","rotate":0,"textStyle":{"color":"#000000","fontSize":12,"fontFamily":""},"subtextStyle":{"color":"#000000","fontSize":12,"fontFamily":""},"left":"50%","top":"0px"},"toolbar":{"show":false,"right":"8px","top":"8px","orientation":"horizontal","menu":{}},"chart":{"border":"1px #000000 none","background":"rgba(255, 255, 255,1)","animationDuration":1000,"type":"table"},"tooltip":{"triggerOn":"mousemove"},"grid":{"left":"10%","right":"10%","top":"60px","bottom":"60px","width":"auto","height":"auto"},"xAxis":[{"selected":[],"title":{"show":true,"text":"","subtext":"","rotate":0,"textStyle":{"color":"#000000","fontSize":12,"fontFamily":""},"subtextStyle":{"color":"#000000","fontSize":12,"fontFamily":""},"left":"50%","bottom":"5px"},"axisTick":{"show":true},"axisLine":{"onZero":false},"scale":true,"axisLabel":{"show":true,"rotate":0,"textStyle":{"color":"#000000","fontSize":12,"fontFamily":""}},"zlevel":1}],"yAxis":[{"selected":[],"title":{"show":true,"text":"","subtext":"","rotate":-90,"textStyle":{"color":"#000000","fontSize":12,"fontFamily":""},"subtextStyle":{"color":"#000000","fontSize":12,"fontFamily":""},"left":"8px","top":"50%"},"axisTick":{"show":true},"axisLine":{"onZero":false},"scale":true,"axisLabel":{"show":true,"rotate":0,"textStyle":{"color":"#000000","fontSize":12,"fontFamily":""}},"zlevel":1}],"colorBy":[{"selected":[]}],"legend":{"show":true,"orientation":"horizontal","left":"50%","right":"auto","top":"10px","bottom":"auto","textStyle":{"color":"#000000","fontSize":12,"fontFamily":"","fontStyle":"normal","fontWeight":"normal","fontDecoration":"none"}},"noDataMessage":"","plotOptions":{"table":{"formatter":[]},"map":{"geoData":{}}},"source":{"dataType":"lazy","lazyData":[]},"guide":{"message":"Set data options using Chart Setting Button."}},"dataSource":{"selectable":true},"style":{},"group":"mud5ba2v6dktsyt3wgcywq2d"}],"layout":{"type":"panel","id":"default-1605833373576"}}],"full":[{"panel":[],"layout":{}}]},"out":{"partial":[{"panel":[],"layout":{}}],"full":[{"panel":[],"layout":{}}]}},"description":""},"meta":{"table":{"type":"table"},"result":{"type":"model"}},"context":"python","version":"3.6","inputs":{"table":"t9fj7ff8q7qkmhuq"},"outputs":{"result":"tg4kwbyjcugmu5r7"},"fid":"fbahzbv6fxf62ay8"},{"persist-mode":"auto","func":"brightics.function.statistics$statistic_summary80870","name":"brightics.function.statistics$statistic_summary","param":{"statistics":["avg","q1","median","q3"],"input_cols":["nights","date_diff","orig_destination_distance"]},"display":{"label":"Statistic Summary","diagram":{"position":{"x":1770,"y":820}},"sheet":{"in":{"partial":[{"panel":[{"id":"default-1605834114968","chartOption":{"colorSet":["#FD026C","#4682B8","#A5D22D","#F5CC0A","#FE8C01","#6B9494","#B97C46","#84ACD0","#C2E173","#F9DD5B","#FE569D","#FEB356","#9CB8B8","#D0A884","#2E6072","#6D8C1E","#A48806","#A90148","#A95E01","#476363","#7B532F"],"title":{"show":true,"text":"","subtext":"","rotate":0,"textStyle":{"color":"#000000","fontSize":12,"fontFamily":""},"subtextStyle":{"color":"#000000","fontSize":12,"fontFamily":""},"left":"50%","top":"0px"},"toolbar":{"show":false,"right":"8px","top":"8px","orientation":"horizontal","menu":{}},"chart":{"border":"1px #000000 none","background":"rgba(255, 255, 255,1)","animationDuration":1000,"type":"table"},"tooltip":{"triggerOn":"mousemove"},"grid":{"left":"10%","right":"10%","top":"60px","bottom":"60px","width":"auto","height":"auto"},"xAxis":[{"selected":[],"title":{"show":true,"text":"","subtext":"","rotate":0,"textStyle":{"color":"#000000","fontSize":12,"fontFamily":""},"subtextStyle":{"color":"#000000","fontSize":12,"fontFamily":""},"left":"50%","bottom":"5px"},"axisTick":{"show":true},"axisLine":{"onZero":false},"scale":true,"axisLabel":{"show":true,"rotate":0,"textStyle":{"color":"#000000","fontSize":12,"fontFamily":""}},"zlevel":1}],"yAxis":[{"selected":[],"title":{"show":true,"text":"","subtext":"","rotate":-90,"textStyle":{"color":"#000000","fontSize":12,"fontFamily":""},"subtextStyle":{"color":"#000000","fontSize":12,"fontFamily":""},"left":"8px","top":"50%"},"axisTick":{"show":true},"axisLine":{"onZero":false},"scale":true,"axisLabel":{"show":true,"rotate":0,"textStyle":{"color":"#000000","fontSize":12,"fontFamily":""}},"zlevel":1}],"colorBy":[{"selected":[]}],"legend":{"show":true,"orientation":"horizontal","left":"50%","right":"auto","top":"10px","bottom":"auto","textStyle":{"color":"#000000","fontSize":12,"fontFamily":"","fontStyle":"normal","fontWeight":"normal","fontDecoration":"none"}},"noDataMessage":"","plotOptions":{"table":{"formatter":[]},"map":{"geoData":{}}},"source":{"dataType":"lazy","lazyData":[]},"guide":{"message":"Set data options using Chart Setting Button."}},"dataSource":{"selectable":true},"style":{},"group":"s2xgwfpafumm7h74bvu3a9tq"}],"layout":{"type":"panel","id":"default-1605834114968"}}],"full":[{"panel":[],"layout":{}}]},"out":{"partial":[{"panel":[{"id":"default-1605834115008","chartOption":{"colorSet":["#FD026C","#4682B8","#A5D22D","#F5CC0A","#FE8C01","#6B9494","#B97C46","#84ACD0","#C2E173","#F9DD5B","#FE569D","#FEB356","#9CB8B8","#D0A884","#2E6072","#6D8C1E","#A48806","#A90148","#A95E01","#476363","#7B532F"],"title":{"show":true,"text":"","subtext":"","rotate":0,"textStyle":{"color":"#000000","fontSize":12,"fontFamily":""},"subtextStyle":{"color":"#000000","fontSize":12,"fontFamily":""},"left":"50%","top":"0px"},"toolbar":{"show":false,"right":"8px","top":"8px","orientation":"horizontal","menu":{}},"chart":{"border":"1px #000000 none","background":"rgba(255, 255, 255,1)","animationDuration":1000,"type":"table"},"tooltip":{"triggerOn":"mousemove"},"grid":{"left":"10%","right":"10%","top":"60px","bottom":"60px","width":"auto","height":"auto"},"xAxis":[{"selected":[],"title":{"show":true,"text":"","subtext":"","rotate":0,"textStyle":{"color":"#000000","fontSize":12,"fontFamily":""},"subtextStyle":{"color":"#000000","fontSize":12,"fontFamily":""},"left":"50%","bottom":"5px"},"axisTick":{"show":true},"axisLine":{"onZero":false},"scale":true,"axisLabel":{"show":true,"rotate":0,"textStyle":{"color":"#000000","fontSize":12,"fontFamily":""}},"zlevel":1}],"yAxis":[{"selected":[],"title":{"show":true,"text":"","subtext":"","rotate":-90,"textStyle":{"color":"#000000","fontSize":12,"fontFamily":""},"subtextStyle":{"color":"#000000","fontSize":12,"fontFamily":""},"left":"8px","top":"50%"},"axisTick":{"show":true},"axisLine":{"onZero":false},"scale":true,"axisLabel":{"show":true,"rotate":0,"textStyle":{"color":"#000000","fontSize":12,"fontFamily":""}},"zlevel":1}],"colorBy":[{"selected":[]}],"legend":{"show":true,"orientation":"horizontal","left":"50%","right":"auto","top":"10px","bottom":"auto","textStyle":{"color":"#000000","fontSize":12,"fontFamily":"","fontStyle":"normal","fontWeight":"normal","fontDecoration":"none"}},"noDataMessage":"","plotOptions":{"table":{"formatter":[]}}}}],"layout":{}}],"full":[{"panel":[],"layout":{}}]}}},"meta":{"table":{"type":"table"},"out_table":{"type":"table"}},"context":"python","version":"3.6","inputs":{"table":"t9fj7ff8q7qkmhuq"},"outputs":{"out_table":"tmdczugmzjwzemb6"},"fid":"fj46ua7dr65kc57t"}],"links":[{"kid":"kxkjxag7n3hh2f7t","sourceFid":"ff7d6pr835ysgv3m","targetFid":"f4dt6qnfk37p3hzp"},{"kid":"kj2wbc9wscwgqtu7","sourceFid":"ff7d6pr835ysgv3m","targetFid":"fxpr57zb29ymzxzy"},{"kid":"ku5zudhpjbf9cmtu","sourceFid":"ff7d6pr835ysgv3m","targetFid":"fvd94jujhdxgsn8d"},{"kid":"kyrcwuz4zd8ddkyz","sourceFid":"ff7d6pr835ysgv3m","targetFid":"f29a545re7p7asn3"},{"kid":"krqjhtup5v6g8ft7","sourceFid":"ff7d6pr835ysgv3m","targetFid":"fehdnc9uhvdhyeca"},{"kid":"k32a3t72pyz2v56z","sourceFid":"fehdnc9uhvdhyeca","targetFid":"fe4d6s4d5jrj42bs"},{"kid":"kyw6bh7fkrpmt237","sourceFid":"fe4d6s4d5jrj42bs","targetFid":"fxfdswywc2ekvkhb"},{"kid":"k7mfe8vnyyy87mj3","sourceFid":"fe4d6s4d5jrj42bs","targetFid":"fdhmsrmnbhd53hv6"},{"kid":"knw2r8f6svvcvas2","sourceFid":"fe4d6s4d5jrj42bs","targetFid":"fx7s7ha4z7fwvpy7"},{"kid":"kzh3emg4gw2mku4b","sourceFid":"fx7s7ha4z7fwvpy7","targetFid":"ft2ybwnfg7xqsgvw"},{"kid":"k8mff2p7nw5tzasb","sourceFid":"fe4d6s4d5jrj42bs","targetFid":"fu3fa3qp6ppze27w"},{"kid":"k27agbrwykcb4knc","sourceFid":"fu3fa3qp6ppze27w","targetFid":"f4bz94dhp9hbdr8x"},{"kid":"k6kpbdyab4ddy3ka","sourceFid":"fu3fa3qp6ppze27w","targetFid":"fbzg8ayrequx49vt"},{"kid":"kg55ep8ytrkzuntt","sourceFid":"fbzg8ayrequx49vt","targetFid":"fb4728jvnqp4xxtb"},{"kid":"kw7qc7fcmwxeabat","sourceFid":"fbzg8ayrequx49vt","targetFid":"feq59d83cjysn7we"},{"kid":"kww8wy5zwxtjuen4","sourceFid":"fu3fa3qp6ppze27w","targetFid":"fyfxq4btqthutsa2"},{"kid":"k3rdwbkczv77mfy3","sourceFid":"feq59d83cjysn7we","targetFid":"fs6kubb8ghpf8vba"},{"kid":"kcq4sw27ugmkyftb","sourceFid":"fs6kubb8ghpf8vba","targetFid":"fbahzbv6fxf62ay8"},{"kid":"kdxgz9u9gknedg66","sourceFid":"fs6kubb8ghpf8vba","targetFid":"fj46ua7dr65kc57t"}],"preferences":{},"variables":{},"variableRef":[],"innerModels":{},"inData":[],"outData":[],"sheets":[],"param":{},"report":{"title":"Report","data":[]},"persist-mode":"auto","diagram":{"PAPER_MARGIN_TOP":20,"PAPER_MARGIN_LEFT":20,"FIGURE_WIDTH":195,"FIGURE_HEIGHT":60,"GAP_WIDTH":55,"GAP_HEIGHT":40},"problemList":[]},"description":"<p><br /></p>","model_image":null,"creator":"brightics@samsung.com","create_time":"2020-11-19T08:36:45.000Z","updater":"brightics@samsung.com","update_time":"2020-11-20T01:02:09.000Z","event_key":"2020_010209.000","type":"data","tag":"null","from_version":"0.0"}}],"version":"3.6"}