{"type":"project","data":{"id":"pequt58txtuque23","label":"prj_201120","description":"","creator":"brightics@samsung.com","create_time":"2020-11-20 01:07:16","updater":"brightics@samsung.com","update_time":"2020-11-20 02:26:56","type":null,"tag":null},"children":[{"type":"file","data":{"id":"myer33bwah6xty3q","project_id":"pequt58txtuque23","label":"01_Tutorial","contents":{"mid":"myer33bwah6xty3q","type":"data","title":"01_Tutorial","functions":[{"persist-mode":"auto","func":"brightics.function.io$load13889","name":"brightics.function.io$load","param":{"partial_path":["/brightics@samsung.com/upload/30_py_Purchase_log.csv"]},"display":{"label":"Load","diagram":{"position":{"x":20,"y":120}},"sheet":{"out":{"partial":[{"panel":[{"id":"default-1605835821183","chartOption":{"colorSet":["#FD026C","#4682B8","#A5D22D","#F5CC0A","#FE8C01","#6B9494","#B97C46","#84ACD0","#C2E173","#F9DD5B","#FE569D","#FEB356","#9CB8B8","#D0A884","#2E6072","#6D8C1E","#A48806","#A90148","#A95E01","#476363","#7B532F"],"title":{"show":true,"text":"","subtext":"","rotate":0,"textStyle":{"color":"#000000","fontSize":12,"fontFamily":""},"subtextStyle":{"color":"#000000","fontSize":12,"fontFamily":""},"left":"50%","top":"0px"},"toolbar":{"show":false,"right":"8px","top":"8px","orientation":"horizontal","menu":{}},"chart":{"border":"1px #000000 none","background":"rgba(255, 255, 255,1)","animationDuration":1000,"type":"table"},"tooltip":{"triggerOn":"mousemove"},"grid":{"left":"10%","right":"10%","top":"60px","bottom":"60px","width":"auto","height":"auto"},"xAxis":[{"selected":[],"title":{"show":true,"text":"","subtext":"","rotate":0,"textStyle":{"color":"#000000","fontSize":12,"fontFamily":""},"subtextStyle":{"color":"#000000","fontSize":12,"fontFamily":""},"left":"50%","bottom":"5px"},"axisTick":{"show":true},"axisLine":{"onZero":false},"scale":true,"axisLabel":{"show":true,"rotate":0,"textStyle":{"color":"#000000","fontSize":12,"fontFamily":""}},"zlevel":1}],"yAxis":[{"selected":[],"title":{"show":true,"text":"","subtext":"","rotate":-90,"textStyle":{"color":"#000000","fontSize":12,"fontFamily":""},"subtextStyle":{"color":"#000000","fontSize":12,"fontFamily":""},"left":"8px","top":"50%"},"axisTick":{"show":true},"axisLine":{"onZero":false},"scale":true,"axisLabel":{"show":true,"rotate":0,"textStyle":{"color":"#000000","fontSize":12,"fontFamily":""}},"zlevel":1}],"colorBy":[{"selected":[]}],"legend":{"show":true,"orientation":"horizontal","left":"50%","right":"auto","top":"10px","bottom":"auto","textStyle":{"color":"#000000","fontSize":12,"fontFamily":"","fontStyle":"normal","fontWeight":"normal","fontDecoration":"none"}},"noDataMessage":"","plotOptions":{"table":{"formatter":[]},"map":{"geoData":{}}},"source":{"dataType":"lazy","lazyData":[]},"guide":{"message":"Set data options using Chart Setting Button."}},"dataSource":{"selectable":true},"style":{},"group":"nm2gyztak8h2cx28nhmd9hrq"}],"layout":{"type":"panel","id":"default-1605835821183"}}],"full":[{"panel":[],"layout":{}}]}}},"meta":{"table":{"type":"table"}},"context":"python","version":"3.6","outputs":{"table":"tws9nnt83h5vvewg"},"fid":"fhxn5bkqjrb2dbvd"},{"persist-mode":"auto","func":"brightics.function.transform$distinct83807","name":"brightics.function.transform$distinct","param":{"input_cols":["cust_id","ctg_1","ctg_2"],"hold_cols":["cust_id","ctg_2"]},"display":{"label":"Distinct","diagram":{"position":{"x":270,"y":120}},"sheet":{"in":{"partial":[{"panel":[{"id":"default-1605835905023","chartOption":{"colorSet":["#FD026C","#4682B8","#A5D22D","#F5CC0A","#FE8C01","#6B9494","#B97C46","#84ACD0","#C2E173","#F9DD5B","#FE569D","#FEB356","#9CB8B8","#D0A884","#2E6072","#6D8C1E","#A48806","#A90148","#A95E01","#476363","#7B532F"],"title":{"show":true,"text":"","subtext":"","rotate":0,"textStyle":{"color":"#000000","fontSize":12,"fontFamily":""},"subtextStyle":{"color":"#000000","fontSize":12,"fontFamily":""},"left":"50%","top":"0px"},"toolbar":{"show":false,"right":"8px","top":"8px","orientation":"horizontal","menu":{}},"chart":{"border":"1px #000000 none","background":"rgba(255, 255, 255,1)","animationDuration":1000,"type":"table"},"tooltip":{"triggerOn":"mousemove"},"grid":{"left":"10%","right":"10%","top":"60px","bottom":"60px","width":"auto","height":"auto"},"xAxis":[{"selected":[],"title":{"show":true,"text":"","subtext":"","rotate":0,"textStyle":{"color":"#000000","fontSize":12,"fontFamily":""},"subtextStyle":{"color":"#000000","fontSize":12,"fontFamily":""},"left":"50%","bottom":"5px"},"axisTick":{"show":true},"axisLine":{"onZero":false},"scale":true,"axisLabel":{"show":true,"rotate":0,"textStyle":{"color":"#000000","fontSize":12,"fontFamily":""}},"zlevel":1}],"yAxis":[{"selected":[],"title":{"show":true,"text":"","subtext":"","rotate":-90,"textStyle":{"color":"#000000","fontSize":12,"fontFamily":""},"subtextStyle":{"color":"#000000","fontSize":12,"fontFamily":""},"left":"8px","top":"50%"},"axisTick":{"show":true},"axisLine":{"onZero":false},"scale":true,"axisLabel":{"show":true,"rotate":0,"textStyle":{"color":"#000000","fontSize":12,"fontFamily":""}},"zlevel":1}],"colorBy":[{"selected":[]}],"legend":{"show":true,"orientation":"horizontal","left":"50%","right":"auto","top":"10px","bottom":"auto","textStyle":{"color":"#000000","fontSize":12,"fontFamily":"","fontStyle":"normal","fontWeight":"normal","fontDecoration":"none"}},"noDataMessage":"","plotOptions":{"table":{"formatter":[]},"map":{"geoData":{}}},"source":{"dataType":"lazy","lazyData":[]},"guide":{"message":"Set data options using Chart Setting Button."}},"dataSource":{"selectable":true},"style":{},"group":"tzc426qifiakc6pgbuqs48pm"}],"layout":{"type":"panel","id":"default-1605835905023"}}],"full":[{"panel":[],"layout":{}}]},"out":{"partial":[{"panel":[{"id":"default-1605835905062","chartOption":{"colorSet":["#FD026C","#4682B8","#A5D22D","#F5CC0A","#FE8C01","#6B9494","#B97C46","#84ACD0","#C2E173","#F9DD5B","#FE569D","#FEB356","#9CB8B8","#D0A884","#2E6072","#6D8C1E","#A48806","#A90148","#A95E01","#476363","#7B532F"],"title":{"show":true,"text":"","subtext":"","rotate":0,"textStyle":{"color":"#000000","fontSize":12,"fontFamily":""},"subtextStyle":{"color":"#000000","fontSize":12,"fontFamily":""},"left":"50%","top":"0px"},"toolbar":{"show":false,"right":"8px","top":"8px","orientation":"horizontal","menu":{}},"chart":{"border":"1px #000000 none","background":"rgba(255, 255, 255,1)","animationDuration":1000,"type":"table"},"tooltip":{"triggerOn":"mousemove"},"grid":{"left":"10%","right":"10%","top":"60px","bottom":"60px","width":"auto","height":"auto"},"xAxis":[{"selected":[],"title":{"show":true,"text":"","subtext":"","rotate":0,"textStyle":{"color":"#000000","fontSize":12,"fontFamily":""},"subtextStyle":{"color":"#000000","fontSize":12,"fontFamily":""},"left":"50%","bottom":"5px"},"axisTick":{"show":true},"axisLine":{"onZero":false},"scale":true,"axisLabel":{"show":true,"rotate":0,"textStyle":{"color":"#000000","fontSize":12,"fontFamily":""}},"zlevel":1}],"yAxis":[{"selected":[],"title":{"show":true,"text":"","subtext":"","rotate":-90,"textStyle":{"color":"#000000","fontSize":12,"fontFamily":""},"subtextStyle":{"color":"#000000","fontSize":12,"fontFamily":""},"left":"8px","top":"50%"},"axisTick":{"show":true},"axisLine":{"onZero":false},"scale":true,"axisLabel":{"show":true,"rotate":0,"textStyle":{"color":"#000000","fontSize":12,"fontFamily":""}},"zlevel":1}],"colorBy":[{"selected":[]}],"legend":{"show":true,"orientation":"horizontal","left":"50%","right":"auto","top":"10px","bottom":"auto","textStyle":{"color":"#000000","fontSize":12,"fontFamily":"","fontStyle":"normal","fontWeight":"normal","fontDecoration":"none"}},"noDataMessage":"","plotOptions":{"table":{"formatter":[]},"map":{"geoData":{}}},"source":{"dataType":"lazy","lazyData":[]},"guide":{"message":"Set data options using Chart Setting Button."}},"dataSource":{"selectable":true},"style":{},"group":"h54i9farz5uxrjiybraa2pbn"}],"layout":{"type":"panel","id":"default-1605835905062"}}],"full":[{"panel":[],"layout":{}}]}}},"meta":{"table":{"type":"table"},"out_table":{"type":"table"}},"context":"python","version":"3.6","inputs":{"table":"tws9nnt83h5vvewg"},"outputs":{"out_table":"t54pepjt6s5a6xcv"},"fid":"fuye5qmn9sgunmr7"},{"persist-mode":"auto","func":"brightics.function.statistics$statistic_summary80870","name":"brightics.function.statistics$statistic_summary","param":{"statistics":["nrow"],"input_cols":["cust_id"],"group_by":["cust_id"]},"display":{"label":"Statistic Summary","diagram":{"position":{"x":520,"y":220}},"sheet":{"in":{"partial":[{"panel":[{"id":"default-1605835993066","chartOption":{"colorSet":["#FD026C","#4682B8","#A5D22D","#F5CC0A","#FE8C01","#6B9494","#B97C46","#84ACD0","#C2E173","#F9DD5B","#FE569D","#FEB356","#9CB8B8","#D0A884","#2E6072","#6D8C1E","#A48806","#A90148","#A95E01","#476363","#7B532F"],"title":{"show":true,"text":"","subtext":"","rotate":0,"textStyle":{"color":"#000000","fontSize":12,"fontFamily":""},"subtextStyle":{"color":"#000000","fontSize":12,"fontFamily":""},"left":"50%","top":"0px"},"toolbar":{"show":false,"right":"8px","top":"8px","orientation":"horizontal","menu":{}},"chart":{"border":"1px #000000 none","background":"rgba(255, 255, 255,1)","animationDuration":1000,"type":"table"},"tooltip":{"triggerOn":"mousemove"},"grid":{"left":"10%","right":"10%","top":"60px","bottom":"60px","width":"auto","height":"auto"},"xAxis":[{"selected":[],"title":{"show":true,"text":"","subtext":"","rotate":0,"textStyle":{"color":"#000000","fontSize":12,"fontFamily":""},"subtextStyle":{"color":"#000000","fontSize":12,"fontFamily":""},"left":"50%","bottom":"5px"},"axisTick":{"show":true},"axisLine":{"onZero":false},"scale":true,"axisLabel":{"show":true,"rotate":0,"textStyle":{"color":"#000000","fontSize":12,"fontFamily":""}},"zlevel":1}],"yAxis":[{"selected":[],"title":{"show":true,"text":"","subtext":"","rotate":-90,"textStyle":{"color":"#000000","fontSize":12,"fontFamily":""},"subtextStyle":{"color":"#000000","fontSize":12,"fontFamily":""},"left":"8px","top":"50%"},"axisTick":{"show":true},"axisLine":{"onZero":false},"scale":true,"axisLabel":{"show":true,"rotate":0,"textStyle":{"color":"#000000","fontSize":12,"fontFamily":""}},"zlevel":1}],"colorBy":[{"selected":[]}],"legend":{"show":true,"orientation":"horizontal","left":"50%","right":"auto","top":"10px","bottom":"auto","textStyle":{"color":"#000000","fontSize":12,"fontFamily":"","fontStyle":"normal","fontWeight":"normal","fontDecoration":"none"}},"noDataMessage":"","plotOptions":{"table":{"formatter":[]},"map":{"geoData":{}}},"source":{"dataType":"lazy","lazyData":[]},"guide":{"message":"Set data options using Chart Setting Button."}},"dataSource":{"selectable":true},"style":{},"group":"f56q5pipe7wmu39n2zgwhm3i"}],"layout":{"type":"panel","id":"default-1605835993066"}}],"full":[{"panel":[],"layout":{}}]},"out":{"partial":[{"panel":[{"id":"default-1605835993098","chartOption":{"colorSet":["#FD026C","#4682B8","#A5D22D","#F5CC0A","#FE8C01","#6B9494","#B97C46","#84ACD0","#C2E173","#F9DD5B","#FE569D","#FEB356","#9CB8B8","#D0A884","#2E6072","#6D8C1E","#A48806","#A90148","#A95E01","#476363","#7B532F"],"title":{"show":true,"text":"","subtext":"","rotate":0,"textStyle":{"color":"#000000","fontSize":12,"fontFamily":""},"subtextStyle":{"color":"#000000","fontSize":12,"fontFamily":""},"left":"50%","top":"0px"},"toolbar":{"show":false,"right":"8px","top":"8px","orientation":"horizontal","menu":{}},"chart":{"border":"1px #000000 none","background":"rgba(255, 255, 255,1)","animationDuration":1000,"type":"table"},"tooltip":{"triggerOn":"mousemove"},"grid":{"left":"10%","right":"10%","top":"60px","bottom":"60px","width":"auto","height":"auto"},"xAxis":[{"selected":[],"title":{"show":true,"text":"","subtext":"","rotate":0,"textStyle":{"color":"#000000","fontSize":12,"fontFamily":""},"subtextStyle":{"color":"#000000","fontSize":12,"fontFamily":""},"left":"50%","bottom":"5px"},"axisTick":{"show":true},"axisLine":{"onZero":false},"scale":true,"axisLabel":{"show":true,"rotate":0,"textStyle":{"color":"#000000","fontSize":12,"fontFamily":""}},"zlevel":1}],"yAxis":[{"selected":[],"title":{"show":true,"text":"","subtext":"","rotate":-90,"textStyle":{"color":"#000000","fontSize":12,"fontFamily":""},"subtextStyle":{"color":"#000000","fontSize":12,"fontFamily":""},"left":"8px","top":"50%"},"axisTick":{"show":true},"axisLine":{"onZero":false},"scale":true,"axisLabel":{"show":true,"rotate":0,"textStyle":{"color":"#000000","fontSize":12,"fontFamily":""}},"zlevel":1}],"colorBy":[{"selected":[]}],"legend":{"show":true,"orientation":"horizontal","left":"50%","right":"auto","top":"10px","bottom":"auto","textStyle":{"color":"#000000","fontSize":12,"fontFamily":"","fontStyle":"normal","fontWeight":"normal","fontDecoration":"none"}},"noDataMessage":"","plotOptions":{"table":{"formatter":[]},"map":{"geoData":{}}},"source":{"dataType":"lazy","lazyData":[]},"guide":{"message":"Set data options using Chart Setting Button."}},"dataSource":{"selectable":true},"style":{},"group":"y2xe2uyxwc62pfv84bb54nrc"}],"layout":{"type":"panel","id":"default-1605835993098"}}],"full":[{"panel":[],"layout":{}}]}}},"meta":{"table":{"type":"table"},"out_table":{"type":"table"}},"context":"python","version":"3.6","inputs":{"table":"t54pepjt6s5a6xcv"},"outputs":{"out_table":"tt2ffpuswx4c335z"},"fid":"f2amgak8tcdmaeb2"},{"persist-mode":"auto","func":"simpleFilterPython","name":"brightics.function.manipulation$simple_filter","context":"python","version":"3.6","param":{"main_operator":"and","input_cols":["nrow"],"operators":[">"],"operands":["1"]},"inputs":{"table":"tt2ffpuswx4c335z"},"outputs":{"out_table":"tp4s3gxuw3ma9tw6"},"meta":{"table":{"type":"table"},"out_table":{"type":"table"}},"display":{"label":"Filter","diagram":{"position":{"x":770,"y":220}},"sheet":{"in":{"partial":[{"panel":[{"id":"default-1605836124127","chartOption":{"colorSet":["#FD026C","#4682B8","#A5D22D","#F5CC0A","#FE8C01","#6B9494","#B97C46","#84ACD0","#C2E173","#F9DD5B","#FE569D","#FEB356","#9CB8B8","#D0A884","#2E6072","#6D8C1E","#A48806","#A90148","#A95E01","#476363","#7B532F"],"title":{"show":true,"text":"","subtext":"","rotate":0,"textStyle":{"color":"#000000","fontSize":12,"fontFamily":""},"subtextStyle":{"color":"#000000","fontSize":12,"fontFamily":""},"left":"50%","top":"0px"},"toolbar":{"show":false,"right":"8px","top":"8px","orientation":"horizontal","menu":{}},"chart":{"border":"1px #000000 none","background":"rgba(255, 255, 255,1)","animationDuration":1000,"type":"table"},"tooltip":{"triggerOn":"mousemove"},"grid":{"left":"10%","right":"10%","top":"60px","bottom":"60px","width":"auto","height":"auto"},"xAxis":[{"selected":[],"title":{"show":true,"text":"","subtext":"","rotate":0,"textStyle":{"color":"#000000","fontSize":12,"fontFamily":""},"subtextStyle":{"color":"#000000","fontSize":12,"fontFamily":""},"left":"50%","bottom":"5px"},"axisTick":{"show":true},"axisLine":{"onZero":false},"scale":true,"axisLabel":{"show":true,"rotate":0,"textStyle":{"color":"#000000","fontSize":12,"fontFamily":""}},"zlevel":1}],"yAxis":[{"selected":[],"title":{"show":true,"text":"","subtext":"","rotate":-90,"textStyle":{"color":"#000000","fontSize":12,"fontFamily":""},"subtextStyle":{"color":"#000000","fontSize":12,"fontFamily":""},"left":"8px","top":"50%"},"axisTick":{"show":true},"axisLine":{"onZero":false},"scale":true,"axisLabel":{"show":true,"rotate":0,"textStyle":{"color":"#000000","fontSize":12,"fontFamily":""}},"zlevel":1}],"colorBy":[{"selected":[]}],"legend":{"show":true,"orientation":"horizontal","left":"50%","right":"auto","top":"10px","bottom":"auto","textStyle":{"color":"#000000","fontSize":12,"fontFamily":"","fontStyle":"normal","fontWeight":"normal","fontDecoration":"none"}},"noDataMessage":"","plotOptions":{"table":{"formatter":[]},"map":{"geoData":{}}},"source":{"dataType":"lazy","lazyData":[]},"guide":{"message":"Set data options using Chart Setting Button."}},"dataSource":{"selectable":true},"style":{},"group":"jr25gj5tr2k2yx4zznzthbqm"}],"layout":{"type":"panel","id":"default-1605836124127"}}],"full":[{"panel":[],"layout":{}}]},"out":{"partial":[{"panel":[{"id":"default-1605836124156","chartOption":{"colorSet":["#FD026C","#4682B8","#A5D22D","#F5CC0A","#FE8C01","#6B9494","#B97C46","#84ACD0","#C2E173","#F9DD5B","#FE569D","#FEB356","#9CB8B8","#D0A884","#2E6072","#6D8C1E","#A48806","#A90148","#A95E01","#476363","#7B532F"],"title":{"show":true,"text":"","subtext":"","rotate":0,"textStyle":{"color":"#000000","fontSize":12,"fontFamily":""},"subtextStyle":{"color":"#000000","fontSize":12,"fontFamily":""},"left":"50%","top":"0px"},"toolbar":{"show":false,"right":"8px","top":"8px","orientation":"horizontal","menu":{}},"chart":{"border":"1px #000000 none","background":"rgba(255, 255, 255,1)","animationDuration":1000,"type":"table"},"tooltip":{"triggerOn":"mousemove"},"grid":{"left":"10%","right":"10%","top":"60px","bottom":"60px","width":"auto","height":"auto"},"xAxis":[{"selected":[],"title":{"show":true,"text":"","subtext":"","rotate":0,"textStyle":{"color":"#000000","fontSize":12,"fontFamily":""},"subtextStyle":{"color":"#000000","fontSize":12,"fontFamily":""},"left":"50%","bottom":"5px"},"axisTick":{"show":true},"axisLine":{"onZero":false},"scale":true,"axisLabel":{"show":true,"rotate":0,"textStyle":{"color":"#000000","fontSize":12,"fontFamily":""}},"zlevel":1}],"yAxis":[{"selected":[],"title":{"show":true,"text":"","subtext":"","rotate":-90,"textStyle":{"color":"#000000","fontSize":12,"fontFamily":""},"subtextStyle":{"color":"#000000","fontSize":12,"fontFamily":""},"left":"8px","top":"50%"},"axisTick":{"show":true},"axisLine":{"onZero":false},"scale":true,"axisLabel":{"show":true,"rotate":0,"textStyle":{"color":"#000000","fontSize":12,"fontFamily":""}},"zlevel":1}],"colorBy":[{"selected":[]}],"legend":{"show":true,"orientation":"horizontal","left":"50%","right":"auto","top":"10px","bottom":"auto","textStyle":{"color":"#000000","fontSize":12,"fontFamily":"","fontStyle":"normal","fontWeight":"normal","fontDecoration":"none"}},"noDataMessage":"","plotOptions":{"table":{"formatter":[]},"map":{"geoData":{}}},"source":{"dataType":"lazy","lazyData":[]},"guide":{"message":"Set data options using Chart Setting Button."}},"dataSource":{"selectable":true},"style":{},"group":"p5jds6fwjwk65unjndyifagd"}],"layout":{"type":"panel","id":"default-1605836124156"}}],"full":[{"panel":[],"layout":{}}]}}},"fid":"fgr67wx2cqd4tcvk"},{"persist-mode":"auto","func":"selectColumnPython","name":"brightics.function.transform$select_column","context":"python","version":"3.6","param":{"input_cols":["cust_id","column_name","nrow"],"output_cols":["cust_id","column_name","nrow"],"output_types":["long","string","long"]},"inputs":{"table":"tp4s3gxuw3ma9tw6"},"outputs":{"out_table":"tj4af6v6de3xw4hz"},"meta":{"table":{"type":"table"},"out_table":{"type":"table"}},"display":{"label":"Select Column","diagram":{"position":{"x":1020,"y":220}},"sheet":{"in":{"partial":[{"panel":[{"id":"default-1605836191704","chartOption":{"colorSet":["#FD026C","#4682B8","#A5D22D","#F5CC0A","#FE8C01","#6B9494","#B97C46","#84ACD0","#C2E173","#F9DD5B","#FE569D","#FEB356","#9CB8B8","#D0A884","#2E6072","#6D8C1E","#A48806","#A90148","#A95E01","#476363","#7B532F"],"title":{"show":true,"text":"","subtext":"","rotate":0,"textStyle":{"color":"#000000","fontSize":12,"fontFamily":""},"subtextStyle":{"color":"#000000","fontSize":12,"fontFamily":""},"left":"50%","top":"0px"},"toolbar":{"show":false,"right":"8px","top":"8px","orientation":"horizontal","menu":{}},"chart":{"border":"1px #000000 none","background":"rgba(255, 255, 255,1)","animationDuration":1000,"type":"table"},"tooltip":{"triggerOn":"mousemove"},"grid":{"left":"10%","right":"10%","top":"60px","bottom":"60px","width":"auto","height":"auto"},"xAxis":[{"selected":[],"title":{"show":true,"text":"","subtext":"","rotate":0,"textStyle":{"color":"#000000","fontSize":12,"fontFamily":""},"subtextStyle":{"color":"#000000","fontSize":12,"fontFamily":""},"left":"50%","bottom":"5px"},"axisTick":{"show":true},"axisLine":{"onZero":false},"scale":true,"axisLabel":{"show":true,"rotate":0,"textStyle":{"color":"#000000","fontSize":12,"fontFamily":""}},"zlevel":1}],"yAxis":[{"selected":[],"title":{"show":true,"text":"","subtext":"","rotate":-90,"textStyle":{"color":"#000000","fontSize":12,"fontFamily":""},"subtextStyle":{"color":"#000000","fontSize":12,"fontFamily":""},"left":"8px","top":"50%"},"axisTick":{"show":true},"axisLine":{"onZero":false},"scale":true,"axisLabel":{"show":true,"rotate":0,"textStyle":{"color":"#000000","fontSize":12,"fontFamily":""}},"zlevel":1}],"colorBy":[{"selected":[]}],"legend":{"show":true,"orientation":"horizontal","left":"50%","right":"auto","top":"10px","bottom":"auto","textStyle":{"color":"#000000","fontSize":12,"fontFamily":"","fontStyle":"normal","fontWeight":"normal","fontDecoration":"none"}},"noDataMessage":"","plotOptions":{"table":{"formatter":[]},"map":{"geoData":{}}},"source":{"dataType":"lazy","lazyData":[]},"guide":{"message":"Set data options using Chart Setting Button."}},"dataSource":{"selectable":true},"style":{},"group":"jpx7ed4ux4ngmmfszetqkhm5"}],"layout":{"type":"panel","id":"default-1605836191704"}}],"full":[{"panel":[],"layout":{}}]},"out":{"partial":[{"panel":[{"id":"default-1605836191736","chartOption":{"colorSet":["#FD026C","#4682B8","#A5D22D","#F5CC0A","#FE8C01","#6B9494","#B97C46","#84ACD0","#C2E173","#F9DD5B","#FE569D","#FEB356","#9CB8B8","#D0A884","#2E6072","#6D8C1E","#A48806","#A90148","#A95E01","#476363","#7B532F"],"title":{"show":true,"text":"","subtext":"","rotate":0,"textStyle":{"color":"#000000","fontSize":12,"fontFamily":""},"subtextStyle":{"color":"#000000","fontSize":12,"fontFamily":""},"left":"50%","top":"0px"},"toolbar":{"show":false,"right":"8px","top":"8px","orientation":"horizontal","menu":{}},"chart":{"border":"1px #000000 none","background":"rgba(255, 255, 255,1)","animationDuration":1000,"type":"table"},"tooltip":{"triggerOn":"mousemove"},"grid":{"left":"10%","right":"10%","top":"60px","bottom":"60px","width":"auto","height":"auto"},"xAxis":[{"selected":[],"title":{"show":true,"text":"","subtext":"","rotate":0,"textStyle":{"color":"#000000","fontSize":12,"fontFamily":""},"subtextStyle":{"color":"#000000","fontSize":12,"fontFamily":""},"left":"50%","bottom":"5px"},"axisTick":{"show":true},"axisLine":{"onZero":false},"scale":true,"axisLabel":{"show":true,"rotate":0,"textStyle":{"color":"#000000","fontSize":12,"fontFamily":""}},"zlevel":1}],"yAxis":[{"selected":[],"title":{"show":true,"text":"","subtext":"","rotate":-90,"textStyle":{"color":"#000000","fontSize":12,"fontFamily":""},"subtextStyle":{"color":"#000000","fontSize":12,"fontFamily":""},"left":"8px","top":"50%"},"axisTick":{"show":true},"axisLine":{"onZero":false},"scale":true,"axisLabel":{"show":true,"rotate":0,"textStyle":{"color":"#000000","fontSize":12,"fontFamily":""}},"zlevel":1}],"colorBy":[{"selected":[]}],"legend":{"show":true,"orientation":"horizontal","left":"50%","right":"auto","top":"10px","bottom":"auto","textStyle":{"color":"#000000","fontSize":12,"fontFamily":"","fontStyle":"normal","fontWeight":"normal","fontDecoration":"none"}},"noDataMessage":"","plotOptions":{"table":{"formatter":[]},"map":{"geoData":{}}},"source":{"dataType":"lazy","lazyData":[]},"guide":{"message":"Set data options using Chart Setting Button."}},"dataSource":{"selectable":true},"style":{},"group":"uvmasvb23m975rersyhynhci"}],"layout":{"type":"panel","id":"default-1605836191736"}}],"full":[{"panel":[],"layout":{}}]}}},"fid":"fcshmvr7bggnfrpy"},{"persist-mode":"auto","context":"python","func":"merge","name":"brightics.function.transform$join","version":"3.6","inputs":{"left_table":"t54pepjt6s5a6xcv","right_table":"tj4af6v6de3xw4hz"},"outputs":{"table":"t3ujms29azwevg7j"},"meta":{"left_table":{"type":"table"},"right_table":{"type":"table"},"table":{"type":"table"}},"param":{"left_on":["cust_id"],"right_on":["cust_id"],"how":"inner","lsuffix":"","rsuffix":"","sort":"false"},"display":{"label":"Join","diagram":{"position":{"x":1270,"y":120}},"sheet":{"in":{"partial":[{"panel":[{"id":"default-1605836206207","chartOption":{"colorSet":["#FD026C","#4682B8","#A5D22D","#F5CC0A","#FE8C01","#6B9494","#B97C46","#84ACD0","#C2E173","#F9DD5B","#FE569D","#FEB356","#9CB8B8","#D0A884","#2E6072","#6D8C1E","#A48806","#A90148","#A95E01","#476363","#7B532F"],"title":{"show":true,"text":"","subtext":"","rotate":0,"textStyle":{"color":"#000000","fontSize":12,"fontFamily":""},"subtextStyle":{"color":"#000000","fontSize":12,"fontFamily":""},"left":"50%","top":"0px"},"toolbar":{"show":false,"right":"8px","top":"8px","orientation":"horizontal","menu":{}},"chart":{"border":"1px #000000 none","background":"rgba(255, 255, 255,1)","animationDuration":1000,"type":"table"},"tooltip":{"triggerOn":"mousemove"},"grid":{"left":"10%","right":"10%","top":"60px","bottom":"60px","width":"auto","height":"auto"},"xAxis":[{"selected":[],"title":{"show":true,"text":"","subtext":"","rotate":0,"textStyle":{"color":"#000000","fontSize":12,"fontFamily":""},"subtextStyle":{"color":"#000000","fontSize":12,"fontFamily":""},"left":"50%","bottom":"5px"},"axisTick":{"show":true},"axisLine":{"onZero":false},"scale":true,"axisLabel":{"show":true,"rotate":0,"textStyle":{"color":"#000000","fontSize":12,"fontFamily":""}},"zlevel":1}],"yAxis":[{"selected":[],"title":{"show":true,"text":"","subtext":"","rotate":-90,"textStyle":{"color":"#000000","fontSize":12,"fontFamily":""},"subtextStyle":{"color":"#000000","fontSize":12,"fontFamily":""},"left":"8px","top":"50%"},"axisTick":{"show":true},"axisLine":{"onZero":false},"scale":true,"axisLabel":{"show":true,"rotate":0,"textStyle":{"color":"#000000","fontSize":12,"fontFamily":""}},"zlevel":1}],"colorBy":[{"selected":[]}],"legend":{"show":true,"orientation":"horizontal","left":"50%","right":"auto","top":"10px","bottom":"auto","textStyle":{"color":"#000000","fontSize":12,"fontFamily":"","fontStyle":"normal","fontWeight":"normal","fontDecoration":"none"}},"noDataMessage":"","plotOptions":{"table":{"formatter":[]},"map":{"geoData":{}}},"source":{"dataType":"lazy","lazyData":[]},"guide":{"message":"Set data options using Chart Setting Button."}},"dataSource":{"selectable":true},"style":{},"group":"5hbgfysn7gcxgc3ahg9t3ha2"}],"layout":{"type":"panel","id":"default-1605836206207"}}],"full":[{"panel":[],"layout":{}}]},"out":{"partial":[{"panel":[{"id":"default-1605836206238","chartOption":{"colorSet":["#FD026C","#4682B8","#A5D22D","#F5CC0A","#FE8C01","#6B9494","#B97C46","#84ACD0","#C2E173","#F9DD5B","#FE569D","#FEB356","#9CB8B8","#D0A884","#2E6072","#6D8C1E","#A48806","#A90148","#A95E01","#476363","#7B532F"],"title":{"show":true,"text":"","subtext":"","rotate":0,"textStyle":{"color":"#000000","fontSize":12,"fontFamily":""},"subtextStyle":{"color":"#000000","fontSize":12,"fontFamily":""},"left":"50%","top":"0px"},"toolbar":{"show":false,"right":"8px","top":"8px","orientation":"horizontal","menu":{}},"chart":{"border":"1px #000000 none","background":"rgba(255, 255, 255,1)","animationDuration":1000,"type":"table"},"tooltip":{"triggerOn":"mousemove"},"grid":{"left":"10%","right":"10%","top":"60px","bottom":"60px","width":"auto","height":"auto"},"xAxis":[{"selected":[],"title":{"show":true,"text":"","subtext":"","rotate":0,"textStyle":{"color":"#000000","fontSize":12,"fontFamily":""},"subtextStyle":{"color":"#000000","fontSize":12,"fontFamily":""},"left":"50%","bottom":"5px"},"axisTick":{"show":true},"axisLine":{"onZero":false},"scale":true,"axisLabel":{"show":true,"rotate":0,"textStyle":{"color":"#000000","fontSize":12,"fontFamily":""}},"zlevel":1}],"yAxis":[{"selected":[],"title":{"show":true,"text":"","subtext":"","rotate":-90,"textStyle":{"color":"#000000","fontSize":12,"fontFamily":""},"subtextStyle":{"color":"#000000","fontSize":12,"fontFamily":""},"left":"8px","top":"50%"},"axisTick":{"show":true},"axisLine":{"onZero":false},"scale":true,"axisLabel":{"show":true,"rotate":0,"textStyle":{"color":"#000000","fontSize":12,"fontFamily":""}},"zlevel":1}],"colorBy":[{"selected":[]}],"legend":{"show":true,"orientation":"horizontal","left":"50%","right":"auto","top":"10px","bottom":"auto","textStyle":{"color":"#000000","fontSize":12,"fontFamily":"","fontStyle":"normal","fontWeight":"normal","fontDecoration":"none"}},"noDataMessage":"","plotOptions":{"table":{"formatter":[]},"map":{"geoData":{}}},"source":{"dataType":"lazy","lazyData":[]},"guide":{"message":"Set data options using Chart Setting Button."}},"dataSource":{"selectable":true},"style":{},"group":"xscrsz3piuuvcaduqh6dg9j4"}],"layout":{"type":"panel","id":"default-1605836206238"}}],"full":[{"panel":[],"layout":{}}]}}},"fid":"fxq8v7m8b9dutdut"},{"persist-mode":"auto","func":"brightics.function.recommendation$association_rule03961","name":"brightics.function.recommendation$association_rule","param":{"input_mode":"item_user","user_name":"cust_id","items":"ctg_2","min_support":0.005,"min_confidence":0.005},"display":{"label":"Association Rule","diagram":{"position":{"x":1520,"y":120}},"sheet":{"in":{"partial":[{"panel":[{"id":"default-1605836315711","chartOption":{"colorSet":["#FD026C","#4682B8","#A5D22D","#F5CC0A","#FE8C01","#6B9494","#B97C46","#84ACD0","#C2E173","#F9DD5B","#FE569D","#FEB356","#9CB8B8","#D0A884","#2E6072","#6D8C1E","#A48806","#A90148","#A95E01","#476363","#7B532F"],"title":{"show":true,"text":"","subtext":"","rotate":0,"textStyle":{"color":"#000000","fontSize":12,"fontFamily":""},"subtextStyle":{"color":"#000000","fontSize":12,"fontFamily":""},"left":"50%","top":"0px"},"toolbar":{"show":false,"right":"8px","top":"8px","orientation":"horizontal","menu":{}},"chart":{"border":"1px #000000 none","background":"rgba(255, 255, 255,1)","animationDuration":1000,"type":"table"},"tooltip":{"triggerOn":"mousemove"},"grid":{"left":"10%","right":"10%","top":"60px","bottom":"60px","width":"auto","height":"auto"},"xAxis":[{"selected":[],"title":{"show":true,"text":"","subtext":"","rotate":0,"textStyle":{"color":"#000000","fontSize":12,"fontFamily":""},"subtextStyle":{"color":"#000000","fontSize":12,"fontFamily":""},"left":"50%","bottom":"5px"},"axisTick":{"show":true},"axisLine":{"onZero":false},"scale":true,"axisLabel":{"show":true,"rotate":0,"textStyle":{"color":"#000000","fontSize":12,"fontFamily":""}},"zlevel":1}],"yAxis":[{"selected":[],"title":{"show":true,"text":"","subtext":"","rotate":-90,"textStyle":{"color":"#000000","fontSize":12,"fontFamily":""},"subtextStyle":{"color":"#000000","fontSize":12,"fontFamily":""},"left":"8px","top":"50%"},"axisTick":{"show":true},"axisLine":{"onZero":false},"scale":true,"axisLabel":{"show":true,"rotate":0,"textStyle":{"color":"#000000","fontSize":12,"fontFamily":""}},"zlevel":1}],"colorBy":[{"selected":[]}],"legend":{"show":true,"orientation":"horizontal","left":"50%","right":"auto","top":"10px","bottom":"auto","textStyle":{"color":"#000000","fontSize":12,"fontFamily":"","fontStyle":"normal","fontWeight":"normal","fontDecoration":"none"}},"noDataMessage":"","plotOptions":{"table":{"formatter":[]},"map":{"geoData":{}}},"source":{"dataType":"lazy","lazyData":[]},"guide":{"message":"Set data options using Chart Setting Button."}},"dataSource":{"selectable":true},"style":{},"group":"whawptndz4pk4bxhs6kb9ydz"}],"layout":{"type":"panel","id":"default-1605836315711"}}],"full":[{"panel":[],"layout":{}}]},"out":{"partial":[{"panel":[{"id":"default-1605836315741","chartOption":{"colorSet":["#FD026C","#4682B8","#A5D22D","#F5CC0A","#FE8C01","#6B9494","#B97C46","#84ACD0","#C2E173","#F9DD5B","#FE569D","#FEB356","#9CB8B8","#D0A884","#2E6072","#6D8C1E","#A48806","#A90148","#A95E01","#476363","#7B532F"],"title":{"show":true,"text":"","subtext":"","rotate":0,"textStyle":{"color":"#000000","fontSize":12,"fontFamily":""},"subtextStyle":{"color":"#000000","fontSize":12,"fontFamily":""},"left":"50%","top":"0px"},"toolbar":{"show":false,"right":"8px","top":"8px","orientation":"horizontal","menu":{}},"chart":{"border":"1px #000000 none","background":"rgba(255, 255, 255,1)","animationDuration":1000,"type":"table"},"tooltip":{"triggerOn":"mousemove"},"grid":{"left":"10%","right":"10%","top":"60px","bottom":"60px","width":"auto","height":"auto"},"xAxis":[{"selected":[],"title":{"show":true,"text":"","subtext":"","rotate":0,"textStyle":{"color":"#000000","fontSize":12,"fontFamily":""},"subtextStyle":{"color":"#000000","fontSize":12,"fontFamily":""},"left":"50%","bottom":"5px"},"axisTick":{"show":true},"axisLine":{"onZero":false},"scale":true,"axisLabel":{"show":true,"rotate":0,"textStyle":{"color":"#000000","fontSize":12,"fontFamily":""}},"zlevel":1}],"yAxis":[{"selected":[],"title":{"show":true,"text":"","subtext":"","rotate":-90,"textStyle":{"color":"#000000","fontSize":12,"fontFamily":""},"subtextStyle":{"color":"#000000","fontSize":12,"fontFamily":""},"left":"8px","top":"50%"},"axisTick":{"show":true},"axisLine":{"onZero":false},"scale":true,"axisLabel":{"show":true,"rotate":0,"textStyle":{"color":"#000000","fontSize":12,"fontFamily":""}},"zlevel":1}],"colorBy":[{"selected":[]}],"legend":{"show":true,"orientation":"horizontal","left":"50%","right":"auto","top":"10px","bottom":"auto","textStyle":{"color":"#000000","fontSize":12,"fontFamily":"","fontStyle":"normal","fontWeight":"normal","fontDecoration":"none"}},"noDataMessage":"","plotOptions":{"table":{"formatter":[]}}}}],"layout":{}}],"full":[{"panel":[],"layout":{}}]}}},"meta":{"table":{"type":"table"},"out_table":{"type":"table"}},"context":"python","version":"3.6","inputs":{"table":"t3ujms29azwevg7j"},"outputs":{"out_table":"t5kqumdta68vkmaz"},"fid":"fzutngn7x3akyvh6"}],"links":[{"kid":"kgknrhdnpmjhfrwr","sourceFid":"fhxn5bkqjrb2dbvd","targetFid":"fuye5qmn9sgunmr7"},{"kid":"kbrtd5z9r2sw46nj","sourceFid":"fuye5qmn9sgunmr7","targetFid":"f2amgak8tcdmaeb2"},{"kid":"k3xmrxa5tf9emj8u","sourceFid":"f2amgak8tcdmaeb2","targetFid":"fgr67wx2cqd4tcvk"},{"kid":"kzmt3jxfh97e78kp","sourceFid":"fgr67wx2cqd4tcvk","targetFid":"fcshmvr7bggnfrpy"},{"kid":"ksrmwgxn7csh3yur","sourceFid":"fuye5qmn9sgunmr7","targetFid":"fxq8v7m8b9dutdut"},{"kid":"k4eyeuy6d7pd8g4f","sourceFid":"fcshmvr7bggnfrpy","targetFid":"fxq8v7m8b9dutdut"},{"kid":"k44yx4nnmvuzdf5r","sourceFid":"fxq8v7m8b9dutdut","targetFid":"fzutngn7x3akyvh6"}],"preferences":{},"variables":{},"variableRef":[],"innerModels":{},"inData":[],"outData":[],"sheets":[],"param":{},"report":{"title":"Report","data":[]},"persist-mode":"auto","diagram":{"PAPER_MARGIN_TOP":20,"PAPER_MARGIN_LEFT":20,"FIGURE_WIDTH":195,"FIGURE_HEIGHT":60,"GAP_WIDTH":55,"GAP_HEIGHT":40},"problemList":[]},"description":"<p><br /></p>","model_image":null,"creator":"brightics@samsung.com","create_time":"2020-11-20T01:29:56.000Z","updater":"brightics@samsung.com","update_time":"2020-11-20T01:39:30.000Z","event_key":"2020_013930.000","type":"data","tag":"null","from_version":"0.0"}},{"type":"file","data":{"id":"mv6t86z2g7srhm2y","project_id":"pequt58txtuque23","label":"02_PCA","contents":{"mid":"mv6t86z2g7srhm2y","type":"data","title":"02_PCA","functions":[{"persist-mode":"auto","func":"brightics.function.io$load13889","name":"brightics.function.io$load","param":{},"display":{"label":"Load","diagram":{"position":{"x":20,"y":20}},"sheet":{"out":{"partial":[{"panel":[{"id":"default-1605838312991","chartOption":{"colorSet":["#FD026C","#4682B8","#A5D22D","#F5CC0A","#FE8C01","#6B9494","#B97C46","#84ACD0","#C2E173","#F9DD5B","#FE569D","#FEB356","#9CB8B8","#D0A884","#2E6072","#6D8C1E","#A48806","#A90148","#A95E01","#476363","#7B532F"],"title":{"show":true,"text":"","subtext":"","rotate":0,"textStyle":{"color":"#000000","fontSize":12,"fontFamily":""},"subtextStyle":{"color":"#000000","fontSize":12,"fontFamily":""},"left":"50%","top":"0px"},"toolbar":{"show":false,"right":"8px","top":"8px","orientation":"horizontal","menu":{}},"chart":{"border":"1px #000000 none","background":"rgba(255, 255, 255,1)","animationDuration":1000,"type":"table"},"tooltip":{"triggerOn":"mousemove"},"grid":{"left":"10%","right":"10%","top":"60px","bottom":"60px","width":"auto","height":"auto"},"xAxis":[{"selected":[],"title":{"show":true,"text":"","subtext":"","rotate":0,"textStyle":{"color":"#000000","fontSize":12,"fontFamily":""},"subtextStyle":{"color":"#000000","fontSize":12,"fontFamily":""},"left":"50%","bottom":"5px"},"axisTick":{"show":true},"axisLine":{"onZero":false},"scale":true,"axisLabel":{"show":true,"rotate":0,"textStyle":{"color":"#000000","fontSize":12,"fontFamily":""}},"zlevel":1}],"yAxis":[{"selected":[],"title":{"show":true,"text":"","subtext":"","rotate":-90,"textStyle":{"color":"#000000","fontSize":12,"fontFamily":""},"subtextStyle":{"color":"#000000","fontSize":12,"fontFamily":""},"left":"8px","top":"50%"},"axisTick":{"show":true},"axisLine":{"onZero":false},"scale":true,"axisLabel":{"show":true,"rotate":0,"textStyle":{"color":"#000000","fontSize":12,"fontFamily":""}},"zlevel":1}],"colorBy":[{"selected":[]}],"legend":{"show":true,"orientation":"horizontal","left":"50%","right":"auto","top":"10px","bottom":"auto","textStyle":{"color":"#000000","fontSize":12,"fontFamily":"","fontStyle":"normal","fontWeight":"normal","fontDecoration":"none"}},"noDataMessage":"","plotOptions":{"table":{"formatter":[]},"map":{"geoData":{}}},"source":{"dataType":"lazy","lazyData":[]},"guide":{"message":"Set data options using Chart Setting Button."}},"dataSource":{"selectable":true},"style":{},"group":"yvwsqsdzqrv29izr4acymwjq"}],"layout":{"type":"panel","id":"default-1605838312991"}}],"full":[{"panel":[],"layout":{}}]}}},"meta":{"table":{"type":"table"}},"context":"python","version":"3.6","outputs":{"table":"tmwtyenghzgvvmkj"},"fid":"fy2hzeksx4e5dys5"},{"persist-mode":"auto","func":"brightics.function.extraction$pca","name":"brightics.function.extraction$pca","param":{"input_cols":["sepal_length","sepal_width","petal_length","petal_width"]},"display":{"label":"PCA","diagram":{"position":{"x":270,"y":20}},"sheet":{"in":{"partial":[{"panel":[{"id":"default-1605838340609","chartOption":{"colorSet":["#FD026C","#4682B8","#A5D22D","#F5CC0A","#FE8C01","#6B9494","#B97C46","#84ACD0","#C2E173","#F9DD5B","#FE569D","#FEB356","#9CB8B8","#D0A884","#2E6072","#6D8C1E","#A48806","#A90148","#A95E01","#476363","#7B532F"],"title":{"show":true,"text":"","subtext":"","rotate":0,"textStyle":{"color":"#000000","fontSize":12,"fontFamily":""},"subtextStyle":{"color":"#000000","fontSize":12,"fontFamily":""},"left":"50%","top":"0px"},"toolbar":{"show":false,"right":"8px","top":"8px","orientation":"horizontal","menu":{}},"chart":{"border":"1px #000000 none","background":"rgba(255, 255, 255,1)","animationDuration":1000,"type":"table"},"tooltip":{"triggerOn":"mousemove"},"grid":{"left":"10%","right":"10%","top":"60px","bottom":"60px","width":"auto","height":"auto"},"xAxis":[{"selected":[],"title":{"show":true,"text":"","subtext":"","rotate":0,"textStyle":{"color":"#000000","fontSize":12,"fontFamily":""},"subtextStyle":{"color":"#000000","fontSize":12,"fontFamily":""},"left":"50%","bottom":"5px"},"axisTick":{"show":true},"axisLine":{"onZero":false},"scale":true,"axisLabel":{"show":true,"rotate":0,"textStyle":{"color":"#000000","fontSize":12,"fontFamily":""}},"zlevel":1}],"yAxis":[{"selected":[],"title":{"show":true,"text":"","subtext":"","rotate":-90,"textStyle":{"color":"#000000","fontSize":12,"fontFamily":""},"subtextStyle":{"color":"#000000","fontSize":12,"fontFamily":""},"left":"8px","top":"50%"},"axisTick":{"show":true},"axisLine":{"onZero":false},"scale":true,"axisLabel":{"show":true,"rotate":0,"textStyle":{"color":"#000000","fontSize":12,"fontFamily":""}},"zlevel":1}],"colorBy":[{"selected":[]}],"legend":{"show":true,"orientation":"horizontal","left":"50%","right":"auto","top":"10px","bottom":"auto","textStyle":{"color":"#000000","fontSize":12,"fontFamily":"","fontStyle":"normal","fontWeight":"normal","fontDecoration":"none"}},"noDataMessage":"","plotOptions":{"table":{"formatter":[]},"map":{"geoData":{}}},"source":{"dataType":"lazy","lazyData":[]},"guide":{"message":"Set data options using Chart Setting Button."}},"dataSource":{"selectable":true},"style":{},"group":"ihwad5gewdwhgphspkahaj4f"}],"layout":{"type":"panel","id":"default-1605838340609"}}],"full":[{"panel":[],"layout":{}}]},"out":{"partial":[{"panel":[{"id":"default-1605838340638","chartOption":{"colorSet":["#FD026C","#4682B8","#A5D22D","#F5CC0A","#FE8C01","#6B9494","#B97C46","#84ACD0","#C2E173","#F9DD5B","#FE569D","#FEB356","#9CB8B8","#D0A884","#2E6072","#6D8C1E","#A48806","#A90148","#A95E01","#476363","#7B532F"],"title":{"show":true,"text":"","subtext":"","rotate":0,"textStyle":{"color":"#000000","fontSize":12,"fontFamily":""},"subtextStyle":{"color":"#000000","fontSize":12,"fontFamily":""},"left":"50%","top":"0px"},"toolbar":{"show":false,"right":"8px","top":"8px","orientation":"horizontal","menu":{}},"chart":{"border":"1px #000000 none","background":"rgba(255, 255, 255,1)","animationDuration":1000,"type":"table"},"tooltip":{"triggerOn":"mousemove"},"grid":{"left":"10%","right":"10%","top":"60px","bottom":"60px","width":"auto","height":"auto"},"xAxis":[{"selected":[],"title":{"show":true,"text":"","subtext":"","rotate":0,"textStyle":{"color":"#000000","fontSize":12,"fontFamily":""},"subtextStyle":{"color":"#000000","fontSize":12,"fontFamily":""},"left":"50%","bottom":"5px"},"axisTick":{"show":true},"axisLine":{"onZero":false},"scale":true,"axisLabel":{"show":true,"rotate":0,"textStyle":{"color":"#000000","fontSize":12,"fontFamily":""}},"zlevel":1}],"yAxis":[{"selected":[],"title":{"show":true,"text":"","subtext":"","rotate":-90,"textStyle":{"color":"#000000","fontSize":12,"fontFamily":""},"subtextStyle":{"color":"#000000","fontSize":12,"fontFamily":""},"left":"8px","top":"50%"},"axisTick":{"show":true},"axisLine":{"onZero":false},"scale":true,"axisLabel":{"show":true,"rotate":0,"textStyle":{"color":"#000000","fontSize":12,"fontFamily":""}},"zlevel":1}],"colorBy":[{"selected":[]}],"legend":{"show":true,"orientation":"horizontal","left":"50%","right":"auto","top":"10px","bottom":"auto","textStyle":{"color":"#000000","fontSize":12,"fontFamily":"","fontStyle":"normal","fontWeight":"normal","fontDecoration":"none"}},"noDataMessage":"","plotOptions":{"table":{"formatter":[]},"map":{"geoData":{}}},"source":{"dataType":"lazy","lazyData":[]},"guide":{"message":"Set data options using Chart Setting Button."}},"dataSource":{"selectable":true},"style":{},"group":"49pv2m7xbud9icrjez6d6gse"}],"layout":{"type":"panel","id":"default-1605838340638"}}],"full":[{"panel":[],"layout":{}}]}}},"meta":{"table":{"type":"table"},"out_table":{"type":"table"},"model":{"type":"model"}},"context":"python","version":"3.6","inputs":{"table":"tmwtyenghzgvvmkj"},"outputs":{"out_table":"tdhng23tsaxvu34r","model":"t9yq7ywk39ecxshk"},"fid":"f3ftpxga3kgpg8wc"}],"links":[{"kid":"kd42vhfkzyxpa4hw","sourceFid":"fy2hzeksx4e5dys5","targetFid":"f3ftpxga3kgpg8wc"}],"preferences":{},"variables":{},"variableRef":[],"innerModels":{},"inData":[],"outData":[],"sheets":[],"param":{},"report":{"title":"Report","data":[]},"persist-mode":"auto","diagram":{"PAPER_MARGIN_TOP":20,"PAPER_MARGIN_LEFT":20,"FIGURE_WIDTH":195,"FIGURE_HEIGHT":60,"GAP_WIDTH":55,"GAP_HEIGHT":40},"problemList":[]},"description":"<p><br /></p>","model_image":null,"creator":"brightics@samsung.com","create_time":"2020-11-20T02:11:49.000Z","updater":"brightics@samsung.com","update_time":"2020-11-20T02:14:24.000Z","event_key":"2020_021424.000","type":"data","tag":"null","from_version":"0.0"}},{"type":"file","data":{"id":"mcgtad35tgrkj2gg","project_id":"pequt58txtuque23","label":"03_PCA","contents":{"mid":"mcgtad35tgrkj2gg","type":"data","title":"03_PCA","functions":[{"persist-mode":"auto","func":"brightics.function.io$load13889","name":"brightics.function.io$load","param":{"partial_path":["/brightics@samsung.com/upload/USArrests.csv"]},"display":{"label":"Load","diagram":{"position":{"x":20,"y":120}},"sheet":{"out":{"partial":[{"panel":[{"id":"default-1605839041657","chartOption":{"colorSet":["#FD026C","#4682B8","#A5D22D","#F5CC0A","#FE8C01","#6B9494","#B97C46","#84ACD0","#C2E173","#F9DD5B","#FE569D","#FEB356","#9CB8B8","#D0A884","#2E6072","#6D8C1E","#A48806","#A90148","#A95E01","#476363","#7B532F"],"title":{"show":true,"text":"","subtext":"","rotate":0,"textStyle":{"color":"#000000","fontSize":12,"fontFamily":""},"subtextStyle":{"color":"#000000","fontSize":12,"fontFamily":""},"left":"50%","top":"0px"},"toolbar":{"show":false,"right":"8px","top":"8px","orientation":"horizontal","menu":{}},"chart":{"border":"1px #000000 none","background":"rgba(255, 255, 255,1)","animationDuration":1000,"type":"table"},"tooltip":{"triggerOn":"mousemove"},"grid":{"left":"10%","right":"10%","top":"60px","bottom":"60px","width":"auto","height":"auto"},"xAxis":[{"selected":[],"title":{"show":true,"text":"","subtext":"","rotate":0,"textStyle":{"color":"#000000","fontSize":12,"fontFamily":""},"subtextStyle":{"color":"#000000","fontSize":12,"fontFamily":""},"left":"50%","bottom":"5px"},"axisTick":{"show":true},"axisLine":{"onZero":false},"scale":true,"axisLabel":{"show":true,"rotate":0,"textStyle":{"color":"#000000","fontSize":12,"fontFamily":""}},"zlevel":1}],"yAxis":[{"selected":[],"title":{"show":true,"text":"","subtext":"","rotate":-90,"textStyle":{"color":"#000000","fontSize":12,"fontFamily":""},"subtextStyle":{"color":"#000000","fontSize":12,"fontFamily":""},"left":"8px","top":"50%"},"axisTick":{"show":true},"axisLine":{"onZero":false},"scale":true,"axisLabel":{"show":true,"rotate":0,"textStyle":{"color":"#000000","fontSize":12,"fontFamily":""}},"zlevel":1}],"colorBy":[{"selected":[]}],"legend":{"show":true,"orientation":"horizontal","left":"50%","right":"auto","top":"10px","bottom":"auto","textStyle":{"color":"#000000","fontSize":12,"fontFamily":"","fontStyle":"normal","fontWeight":"normal","fontDecoration":"none"}},"noDataMessage":"","plotOptions":{"table":{"formatter":[]},"map":{"geoData":{}}},"source":{"dataType":"lazy","lazyData":[]},"guide":{"message":"Set data options using Chart Setting Button."}},"dataSource":{"selectable":true},"style":{},"group":"arn6q3er7n6w5anpj9dk6jfg"}],"layout":{"type":"panel","id":"default-1605839041657"}}],"full":[{"panel":[],"layout":{}}]}}},"meta":{"table":{"type":"table"}},"context":"python","version":"3.6","outputs":{"table":"t7qdbsrrfexy2qy7"},"fid":"f67tpc34jpss38qw"},{"persist-mode":"auto","func":"brightics.function.extraction$scale","name":"brightics.function.extraction$scale","param":{"scaler":"MinMaxScaler","input_cols":["Murder","Assault","UrbanPop","Rape"]},"display":{"label":"Normalization","diagram":{"position":{"x":270,"y":120}},"sheet":{"in":{"partial":[{"panel":[{"id":"default-1605839082570","chartOption":{"colorSet":["#FD026C","#4682B8","#A5D22D","#F5CC0A","#FE8C01","#6B9494","#B97C46","#84ACD0","#C2E173","#F9DD5B","#FE569D","#FEB356","#9CB8B8","#D0A884","#2E6072","#6D8C1E","#A48806","#A90148","#A95E01","#476363","#7B532F"],"title":{"show":true,"text":"","subtext":"","rotate":0,"textStyle":{"color":"#000000","fontSize":12,"fontFamily":""},"subtextStyle":{"color":"#000000","fontSize":12,"fontFamily":""},"left":"50%","top":"0px"},"toolbar":{"show":false,"right":"8px","top":"8px","orientation":"horizontal","menu":{}},"chart":{"border":"1px #000000 none","background":"rgba(255, 255, 255,1)","animationDuration":1000,"type":"table"},"tooltip":{"triggerOn":"mousemove"},"grid":{"left":"10%","right":"10%","top":"60px","bottom":"60px","width":"auto","height":"auto"},"xAxis":[{"selected":[],"title":{"show":true,"text":"","subtext":"","rotate":0,"textStyle":{"color":"#000000","fontSize":12,"fontFamily":""},"subtextStyle":{"color":"#000000","fontSize":12,"fontFamily":""},"left":"50%","bottom":"5px"},"axisTick":{"show":true},"axisLine":{"onZero":false},"scale":true,"axisLabel":{"show":true,"rotate":0,"textStyle":{"color":"#000000","fontSize":12,"fontFamily":""}},"zlevel":1}],"yAxis":[{"selected":[],"title":{"show":true,"text":"","subtext":"","rotate":-90,"textStyle":{"color":"#000000","fontSize":12,"fontFamily":""},"subtextStyle":{"color":"#000000","fontSize":12,"fontFamily":""},"left":"8px","top":"50%"},"axisTick":{"show":true},"axisLine":{"onZero":false},"scale":true,"axisLabel":{"show":true,"rotate":0,"textStyle":{"color":"#000000","fontSize":12,"fontFamily":""}},"zlevel":1}],"colorBy":[{"selected":[]}],"legend":{"show":true,"orientation":"horizontal","left":"50%","right":"auto","top":"10px","bottom":"auto","textStyle":{"color":"#000000","fontSize":12,"fontFamily":"","fontStyle":"normal","fontWeight":"normal","fontDecoration":"none"}},"noDataMessage":"","plotOptions":{"table":{"formatter":[]},"map":{"geoData":{}}},"source":{"dataType":"lazy","lazyData":[]},"guide":{"message":"Set data options using Chart Setting Button."}},"dataSource":{"selectable":true},"style":{},"group":"g4ak683j9ye8d5axg3y7dxxj"}],"layout":{"type":"panel","id":"default-1605839082570"}}],"full":[{"panel":[],"layout":{}}]},"out":{"partial":[{"panel":[{"id":"default-1605839082607","chartOption":{"colorSet":["#FD026C","#4682B8","#A5D22D","#F5CC0A","#FE8C01","#6B9494","#B97C46","#84ACD0","#C2E173","#F9DD5B","#FE569D","#FEB356","#9CB8B8","#D0A884","#2E6072","#6D8C1E","#A48806","#A90148","#A95E01","#476363","#7B532F"],"title":{"show":true,"text":"","subtext":"","rotate":0,"textStyle":{"color":"#000000","fontSize":12,"fontFamily":""},"subtextStyle":{"color":"#000000","fontSize":12,"fontFamily":""},"left":"50%","top":"0px"},"toolbar":{"show":false,"right":"8px","top":"8px","orientation":"horizontal","menu":{}},"chart":{"border":"1px #000000 none","background":"rgba(255, 255, 255,1)","animationDuration":1000,"type":"table"},"tooltip":{"triggerOn":"mousemove"},"grid":{"left":"10%","right":"10%","top":"60px","bottom":"60px","width":"auto","height":"auto"},"xAxis":[{"selected":[],"title":{"show":true,"text":"","subtext":"","rotate":0,"textStyle":{"color":"#000000","fontSize":12,"fontFamily":""},"subtextStyle":{"color":"#000000","fontSize":12,"fontFamily":""},"left":"50%","bottom":"5px"},"axisTick":{"show":true},"axisLine":{"onZero":false},"scale":true,"axisLabel":{"show":true,"rotate":0,"textStyle":{"color":"#000000","fontSize":12,"fontFamily":""}},"zlevel":1}],"yAxis":[{"selected":[],"title":{"show":true,"text":"","subtext":"","rotate":-90,"textStyle":{"color":"#000000","fontSize":12,"fontFamily":""},"subtextStyle":{"color":"#000000","fontSize":12,"fontFamily":""},"left":"8px","top":"50%"},"axisTick":{"show":true},"axisLine":{"onZero":false},"scale":true,"axisLabel":{"show":true,"rotate":0,"textStyle":{"color":"#000000","fontSize":12,"fontFamily":""}},"zlevel":1}],"colorBy":[{"selected":[]}],"legend":{"show":true,"orientation":"horizontal","left":"50%","right":"auto","top":"10px","bottom":"auto","textStyle":{"color":"#000000","fontSize":12,"fontFamily":"","fontStyle":"normal","fontWeight":"normal","fontDecoration":"none"}},"noDataMessage":"","plotOptions":{"table":{"formatter":[]},"map":{"geoData":{}}},"source":{"dataType":"lazy","lazyData":[]},"guide":{"message":"Set data options using Chart Setting Button."}},"dataSource":{"selectable":true},"style":{},"group":"2mvb94m666fnew8xchnphvtb"}],"layout":{"type":"panel","id":"default-1605839082607"}}],"full":[{"panel":[],"layout":{}}]}}},"meta":{"table":{"type":"table"},"out_table":{"type":"table"},"model":{"type":"model"}},"context":"python","version":"3.6","inputs":{"table":"t7qdbsrrfexy2qy7"},"outputs":{"out_table":"tr9akq99z8mxmza5","model":"taqejtv4kpk7fdxf"},"fid":"f86wm6yc32bhrzfm"},{"persist-mode":"auto","func":"brightics.function.extraction$pca","name":"brightics.function.extraction$pca","param":{"input_cols":["Murder_min_max","Assault_min_max","UrbanPop_min_max","Rape_min_max"]},"display":{"label":"PCA","diagram":{"position":{"x":520,"y":120}},"sheet":{"in":{"partial":[{"panel":[{"id":"default-1605839210288","chartOption":{"colorSet":["#FD026C","#4682B8","#A5D22D","#F5CC0A","#FE8C01","#6B9494","#B97C46","#84ACD0","#C2E173","#F9DD5B","#FE569D","#FEB356","#9CB8B8","#D0A884","#2E6072","#6D8C1E","#A48806","#A90148","#A95E01","#476363","#7B532F"],"title":{"show":true,"text":"","subtext":"","rotate":0,"textStyle":{"color":"#000000","fontSize":12,"fontFamily":""},"subtextStyle":{"color":"#000000","fontSize":12,"fontFamily":""},"left":"50%","top":"0px"},"toolbar":{"show":false,"right":"8px","top":"8px","orientation":"horizontal","menu":{}},"chart":{"border":"1px #000000 none","background":"rgba(255, 255, 255,1)","animationDuration":1000,"type":"table"},"tooltip":{"triggerOn":"mousemove"},"grid":{"left":"10%","right":"10%","top":"60px","bottom":"60px","width":"auto","height":"auto"},"xAxis":[{"selected":[],"title":{"show":true,"text":"","subtext":"","rotate":0,"textStyle":{"color":"#000000","fontSize":12,"fontFamily":""},"subtextStyle":{"color":"#000000","fontSize":12,"fontFamily":""},"left":"50%","bottom":"5px"},"axisTick":{"show":true},"axisLine":{"onZero":false},"scale":true,"axisLabel":{"show":true,"rotate":0,"textStyle":{"color":"#000000","fontSize":12,"fontFamily":""}},"zlevel":1}],"yAxis":[{"selected":[],"title":{"show":true,"text":"","subtext":"","rotate":-90,"textStyle":{"color":"#000000","fontSize":12,"fontFamily":""},"subtextStyle":{"color":"#000000","fontSize":12,"fontFamily":""},"left":"8px","top":"50%"},"axisTick":{"show":true},"axisLine":{"onZero":false},"scale":true,"axisLabel":{"show":true,"rotate":0,"textStyle":{"color":"#000000","fontSize":12,"fontFamily":""}},"zlevel":1}],"colorBy":[{"selected":[]}],"legend":{"show":true,"orientation":"horizontal","left":"50%","right":"auto","top":"10px","bottom":"auto","textStyle":{"color":"#000000","fontSize":12,"fontFamily":"","fontStyle":"normal","fontWeight":"normal","fontDecoration":"none"}},"noDataMessage":"","plotOptions":{"table":{"formatter":[]},"map":{"geoData":{}}},"source":{"dataType":"lazy","lazyData":[]},"guide":{"message":"Set data options using Chart Setting Button."}},"dataSource":{"selectable":true},"style":{},"group":"5u42b84z359eaqcxp4jmcc9x"}],"layout":{"type":"panel","id":"default-1605839210288"}}],"full":[{"panel":[],"layout":{}}]},"out":{"partial":[{"panel":[{"id":"default-1605839210324","chartOption":{"colorSet":["#FD026C","#4682B8","#A5D22D","#F5CC0A","#FE8C01","#6B9494","#B97C46","#84ACD0","#C2E173","#F9DD5B","#FE569D","#FEB356","#9CB8B8","#D0A884","#2E6072","#6D8C1E","#A48806","#A90148","#A95E01","#476363","#7B532F"],"title":{"show":true,"text":"","subtext":"","rotate":0,"textStyle":{"color":"#000000","fontSize":12,"fontFamily":""},"subtextStyle":{"color":"#000000","fontSize":12,"fontFamily":""},"left":"50%","top":"0px"},"toolbar":{"show":false,"right":"8px","top":"8px","orientation":"horizontal","menu":{}},"chart":{"border":"1px #000000 none","background":"rgba(255, 255, 255,1)","animationDuration":1000,"type":"table"},"tooltip":{"triggerOn":"mousemove"},"grid":{"left":"10%","right":"10%","top":"60px","bottom":"60px","width":"auto","height":"auto"},"xAxis":[{"selected":[],"title":{"show":true,"text":"","subtext":"","rotate":0,"textStyle":{"color":"#000000","fontSize":12,"fontFamily":""},"subtextStyle":{"color":"#000000","fontSize":12,"fontFamily":""},"left":"50%","bottom":"5px"},"axisTick":{"show":true},"axisLine":{"onZero":false},"scale":true,"axisLabel":{"show":true,"rotate":0,"textStyle":{"color":"#000000","fontSize":12,"fontFamily":""}},"zlevel":1}],"yAxis":[{"selected":[],"title":{"show":true,"text":"","subtext":"","rotate":-90,"textStyle":{"color":"#000000","fontSize":12,"fontFamily":""},"subtextStyle":{"color":"#000000","fontSize":12,"fontFamily":""},"left":"8px","top":"50%"},"axisTick":{"show":true},"axisLine":{"onZero":false},"scale":true,"axisLabel":{"show":true,"rotate":0,"textStyle":{"color":"#000000","fontSize":12,"fontFamily":""}},"zlevel":1}],"colorBy":[{"selected":[]}],"legend":{"show":true,"orientation":"horizontal","left":"50%","right":"auto","top":"10px","bottom":"auto","textStyle":{"color":"#000000","fontSize":12,"fontFamily":"","fontStyle":"normal","fontWeight":"normal","fontDecoration":"none"}},"noDataMessage":"","plotOptions":{"table":{"formatter":[]}}}}],"layout":{}}],"full":[{"panel":[],"layout":{}}]}}},"meta":{"table":{"type":"table"},"out_table":{"type":"table"},"model":{"type":"model"}},"context":"python","version":"3.6","inputs":{"table":"tr9akq99z8mxmza5"},"outputs":{"out_table":"tcxzw6jm5sp9q4gb","model":"t584ah9x6v82rub6"},"fid":"fqzfwjn5tdwszn9w"}],"links":[{"kid":"ksu6xp8fhq793vm9","sourceFid":"f67tpc34jpss38qw","targetFid":"f86wm6yc32bhrzfm"},{"kid":"kuujy7yq9g2cd4ms","sourceFid":"f86wm6yc32bhrzfm","targetFid":"fqzfwjn5tdwszn9w"}],"preferences":{},"variables":{},"variableRef":[],"innerModels":{},"inData":[],"outData":[],"sheets":[],"param":{},"report":{"title":"Report","data":[]},"persist-mode":"auto","diagram":{"PAPER_MARGIN_TOP":20,"PAPER_MARGIN_LEFT":20,"FIGURE_WIDTH":195,"FIGURE_HEIGHT":60,"GAP_WIDTH":55,"GAP_HEIGHT":40},"problemList":[]},"description":"<p><br /></p>","model_image":null,"creator":"brightics@samsung.com","create_time":"2020-11-20T02:23:58.000Z","updater":"brightics@samsung.com","update_time":"2020-11-20T02:26:57.000Z","event_key":"2020_022657.000","type":"data","tag":"null","from_version":"0.0"}}],"version":"3.6"}